Region,Year,Month,Date,Humidity,Rainfall,Temperature,Dengue_Count
ARMM,2013,January,1-Jan-2013,79,130.3,27.2,222.5
ARMM,2013,February,1-Feb-2013,75,149.2,28.2,107.63
ARMM,2013,March,1-Mar-2013,74,90.2,28.6,113.38
ARMM,2013,April,1-Apr-2013,76,163.2,28.6,146.83
ARMM,2013,May,1-May-2013,76,115.1,28.2,140.25
ARMM,2013,June,1-Jun-2013,78,238.9,27.6,105
ARMM,2013,July,1-Jul-2013,78,393.4,27.4,89
ARMM,2013,August,1-Aug-2013,79,185.7,27.2,180.33
ARMM,2013,September,1-Sep-2013,78,145,27.8,181
ARMM,2013,October,1-Oct-2013,79,280.5,27.1,143.83
ARMM,2013,November,1-Nov-2013,77,196.5,27.6,97.17
ARMM,2013,December,1-Dec-2013,75,91.1,28.2,48
ARMM,2014,January,1-Jan-2014,78,87.5,26.8,222.5
ARMM,2014,February,1-Feb-2014,75,49.8,27.8,100.5
ARMM,2014,March,1-Mar-2014,74,99.4,28.4,32
ARMM,2014,April,1-Apr-2014,74,50.6,28.6,166.33
ARMM,2014,May,1-May-2014,75,168.4,28.6,77
ARMM,2014,June,1-Jun-2014,77,209.7,28,115
ARMM,2014,July,1-Jul-2014,78,286.5,27.4,202
ARMM,2014,August,1-Aug-2014,77,250.5,27.6,180.33
ARMM,2014,September,1-Sep-2014,79,218.6,27.2,181
ARMM,2014,October,1-Oct-2014,78,247.3,27.5,143.83
ARMM,2014,November,1-Nov-2014,77,132.4,28.2,97.17
ARMM,2014,December,1-Dec-2014,76,66,28,103.73
ARMM,2015,January,1-Jan-2015,78,88.9,27.5,222.5
ARMM,2015,February,1-Feb-2015,74,42.7,28.4,110
ARMM,2015,March,1-Mar-2015,72,11.6,28.8,140.5
ARMM,2015,April,1-Apr-2015,73,63.6,28.9,134
ARMM,2015,May,1-May-2015,74,73.9,28.5,104
ARMM,2015,June,1-Jun-2015,77,164.9,27.6,85
ARMM,2015,July,1-Jul-2015,76,155.4,27.6,54
ARMM,2015,August,1-Aug-2015,78,220.6,27.6,114
ARMM,2015,September,1-Sep-2015,78,283.4,27.4,166
ARMM,2015,October,1-Oct-2015,75,110.1,28,92.5
ARMM,2015,November,1-Nov-2015,77,146.7,28.5,92.5
ARMM,2015,December,1-Dec-2015,74,35.8,28.5,114
ARMM,2016,January,1-Jan-2016,71,2.8,29,159
ARMM,2016,February,1-Feb-2016,70,31.5,29.1,92
ARMM,2016,March,1-Mar-2016,69,15.6,29.9,105
ARMM,2016,April,1-Apr-2016,69,93,29.8,152
ARMM,2016,May,1-May-2016,74,205.5,29.1,158
ARMM,2016,June,1-Jun-2016,78,265.4,28.1,324
ARMM,2016,July,1-Jul-2016,76,233.7,28.3,495
ARMM,2016,August,1-Aug-2016,78,288.3,28,278
ARMM,2016,September,1-Sep-2016,79,257.3,28.1,228
ARMM,2016,October,1-Oct-2016,79,331.5,28.1,190
ARMM,2016,November,1-Nov-2016,78,184.9,28.2,183
ARMM,2016,December,1-Dec-2016,78,68.5,28.2,174.2
ARMM,2017,January,1-Jan-2017,77,118.5,27.6,286
ARMM,2017,February,1-Feb-2017,75,105.1,28.155,128
ARMM,2017,March,1-Mar-2017,76,221.2,28.35,176
ARMM,2017,April,1-Apr-2017,75,97,29.065,135
ARMM,2017,May,1-May-2017,76,209.7,28.975,222
ARMM,2017,June,1-Jun-2017,78,225,28.25,202
ARMM,2017,July,1-Jul-2017,80,271,27.9,160
ARMM,2017,August,1-Aug-2017,79,122.8,28.15,149
ARMM,2017,September,1-Sep-2017,79,192.6,28.15,149
ARMM,2017,October,1-Oct-2017,79,387.8,27.85,149
ARMM,2017,November,1-Nov-2017,77,55.2,28.7,16
ARMM,2017,December,1-Dec-2017,78,170.6,28.15,23
ARMM,2018,January,1-Jan-2018,77,77.7,28.1,140
ARMM,2018,February,1-Feb-2018,72,79.3,28.7,127
ARMM,2018,March,1-Mar-2018,68,53.2,29.6,97
ARMM,2018,April,1-Apr-2018,71,124.7,29.4,81
ARMM,2018,May,1-May-2018,75,227.3,29.5,150
ARMM,2018,June,1-Jun-2018,77,196.8,28.4,318
ARMM,2018,July,1-Jul-2018,78,285.1,27.8,380
ARMM,2018,August,1-Aug-2018,78,270.6,27.7,308
ARMM,2018,September,1-Sep-2018,78,215.2,27.6,171.5
ARMM,2018,October,1-Oct-2018,74,205.1,28.8,171.5
ARMM,2018,November,1-Nov-2018,74,110.4,29,176
ARMM,2018,December,1-Dec-2018,74,81.8,28.7,244
CAR,2013,January,1-Jan-2013,87,11.4,18.1,423.5
CAR,2013,February,1-Feb-2013,83,26.8,19.6,194.81
CAR,2013,March,1-Mar-2013,86,63.6,20.2,128.5
CAR,2013,April,1-Apr-2013,84,70.3,21.4,172.08
CAR,2013,May,1-May-2013,88,338.7,20.7,213
CAR,2013,June,1-Jun-2013,91,232.8,20.4,683
CAR,2013,July,1-Jul-2013,92,368.2,20,2124
CAR,2013,August,1-Aug-2013,92,1220.4,19,1697.11
CAR,2013,September,1-Sep-2013,91,590.1,19.5,1535.44
CAR,2013,October,1-Oct-2013,91,240,18.5,873.28
CAR,2013,November,1-Nov-2013,86,53.5,19.1,638.17
CAR,2013,December,1-Dec-2013,88,23.6,18.7,142
CAR,2014,January,1-Jan-2014,85,0,15.8,423.5
CAR,2014,February,1-Feb-2014,86,0.1,17.4,206.25
CAR,2014,March,1-Mar-2014,86,5.9,19,85
CAR,2014,April,1-Apr-2014,89,126.3,20.1,189.33
CAR,2014,May,1-May-2014,88,213,20.7,103
CAR,2014,June,1-Jun-2014,92,401.7,20,113
CAR,2014,July,1-Jul-2014,93,444.2,19.4,1070.75
CAR,2014,August,1-Aug-2014,92,531.9,19.4,1697.11
CAR,2014,September,1-Sep-2014,92,985.4,19.3,1535.44
CAR,2014,October,1-Oct-2014,88,107.1,19.6,873.28
CAR,2014,November,1-Nov-2014,84,39.2,19.6,638.17
CAR,2014,December,1-Dec-2014,83,9.5,19.2,628.78
CAR,2015,January,1-Jan-2015,84,11.3,17,423.5
CAR,2015,February,1-Feb-2015,83,7.3,17.6,191
CAR,2015,March,1-Mar-2015,79,57.1,19,143
CAR,2015,April,1-Apr-2015,82,121.8,20,120
CAR,2015,May,1-May-2015,85,245.5,20.5,119
CAR,2015,June,1-Jun-2015,89,282.5,20.7,818
CAR,2015,July,1-Jul-2015,92,1493.9,20.1,723
CAR,2015,August,1-Aug-2015,93,1031.6,19.1,2488
CAR,2015,September,1-Sep-2015,91,263.6,20,2810
CAR,2015,October,1-Oct-2015,88,1212.2,19.3,1328.5
CAR,2015,November,1-Nov-2015,78,8,19.8,1328.5
CAR,2015,December,1-Dec-2015,84,167.1,19.2,768
CAR,2016,January,1-Jan-2016,82,5.2,18.6,671
CAR,2016,February,1-Feb-2016,83,4.2,18.2,294
CAR,2016,March,1-Mar-2016,84,9.4,19.4,199
CAR,2016,April,1-Apr-2016,82,62,21.3,321
CAR,2016,May,1-May-2016,86,213.3,21,569
CAR,2016,June,1-Jun-2016,88,176.3,20.6,1618
CAR,2016,July,1-Jul-2016,90,426.8,20,2965
CAR,2016,August,1-Aug-2016,95,955.6,18.7,1893
CAR,2016,September,1-Sep-2016,91,412.1,19.5,1086
CAR,2016,October,1-Oct-2016,89,583.2,19.5,581
CAR,2016,November,1-Nov-2016,83.048,47.7,19.584,200
CAR,2016,December,1-Dec-2016,84,82,19.3,737.34
CAR,2017,January,1-Jan-2017,84,39.9,17.85,176
CAR,2017,February,1-Feb-2017,85.51,71.5,17.48,88
CAR,2017,March,1-Mar-2017,83,4.7,19.535,87
CAR,2017,April,1-Apr-2017,85,61.3,20.5,58
CAR,2017,May,1-May-2017,89.85,570.1,20.735,61
CAR,2017,June,1-Jun-2017,88.8,208.5,21.1,156
CAR,2017,July,1-Jul-2017,90,751,19.9,467
CAR,2017,August,1-Aug-2017,93,449.6,19.89,710.33
CAR,2017,September,1-Sep-2017,92,206.9,20.09,710.33
CAR,2017,October,1-Oct-2017,89,230,19.7,710.33
CAR,2017,November,1-Nov-2017,86.24,120,20.02,386
CAR,2017,December,1-Dec-2017,85.72,28.4,19.135,381
CAR,2018,January,1-Jan-2018,82,15.2,19.1,303
CAR,2018,February,1-Feb-2018,83,1.2,19.3,154
CAR,2018,March,1-Mar-2018,82,5.8,19.1,219
CAR,2018,April,1-Apr-2018,87,204,20.1,101
CAR,2018,May,1-May-2018,88,283.2,20.9,193
CAR,2018,June,1-Jun-2018,93,552.6,19.5,534
CAR,2018,July,1-Jul-2018,94,1002.5,19.2,1351
CAR,2018,August,1-Aug-2018,96,1822.6,18.5,1477
CAR,2018,September,1-Sep-2018,92,1219.6,19.5,362
CAR,2018,October,1-Oct-2018,89,268.6,19.5,362
CAR,2018,November,1-Nov-2018,81,17.8,19.4,595
CAR,2018,December,1-Dec-2018,81,22.8,18.9,678
CARAGA,2013,January,1-Jan-2013,89.3333333333333,796.666666666667,26.2,1397.25
CARAGA,2013,February,1-Feb-2013,86,459.666666666667,26.9333333333333,685.65
CARAGA,2013,March,1-Mar-2013,84,266.2,27.4,556.5
CARAGA,2013,April,1-Apr-2013,82.6666666666667,232.733333333333,28.0666666666667,538.38
CARAGA,2013,May,1-May-2013,80.3333333333333,149.933333333333,29.0666666666667,483.39
CARAGA,2013,June,1-Jun-2013,83.6666666666667,315.033333333333,28.2666666666667,144
CARAGA,2013,July,1-Jul-2013,84,205.333333333333,27.9,247.5
CARAGA,2013,August,1-Aug-2013,83.3333333333333,365.1,27.9333333333333,849.51
CARAGA,2013,September,1-Sep-2013,80,47.4,28.8,1178.52
CARAGA,2013,October,1-Oct-2013,80.6666666666667,239.1,28.1333333333333,933.75
CARAGA,2013,November,1-Nov-2013,87.3333333333333,496.566666666667,27.1,847.77
CARAGA,2013,December,1-Dec-2013,87,306.233333333333,27.3,375
CARAGA,2014,January,1-Jan-2014,89.3333333333333,1126.46666666667,24.9666666666667,1397.25
CARAGA,2014,February,1-Feb-2014,85.3333333333333,234.8,25.9333333333333,724.32
CARAGA,2014,March,1-Mar-2014,85,490.3,26.7666666666667,471
CARAGA,2014,April,1-Apr-2014,82.6666666666667,112.833333333333,27.8666666666667,764.52
CARAGA,2014,May,1-May-2014,81.3333333333333,142.533333333333,29,747
CARAGA,2014,June,1-Jun-2014,81,136.633333333333,29.1666666666667,994.5
CARAGA,2014,July,1-Jul-2014,80.6666666666667,155.233333333333,28.4666666666667,666
CARAGA,2014,August,1-Aug-2014,80.6666666666667,145.233333333333,28.6333333333333,849.51
CARAGA,2014,September,1-Sep-2014,82.6666666666667,195.566666666667,27.9666666666667,1178.52
CARAGA,2014,October,1-Oct-2014,82,172.4,28.2666666666667,933.75
CARAGA,2014,November,1-Nov-2014,84.6666666666667,269.4,27.5,847.77
CARAGA,2014,December,1-Dec-2014,86.6666666666667,711.633333333333,26.9666666666667,1171.32
CARAGA,2015,January,1-Jan-2015,87.3333333333333,627,27.3,1397.25
CARAGA,2015,February,1-Feb-2015,83.3333333333333,208.966666666667,27.4333333333333,672.75
CARAGA,2015,March,1-Mar-2015,81,124.866666666667,28,585
CARAGA,2015,April,1-Apr-2015,80.3333333333333,111.266666666667,29.0333333333333,372
CARAGA,2015,May,1-May-2015,78.4,148.706666666667,28.8816666666667,165
CARAGA,2015,June,1-Jun-2015,82.6666666666667,268.866666666667,29.2333333333333,295.5
CARAGA,2015,July,1-Jul-2015,78.6666666666667,107.166666666667,30.5,357
CARAGA,2015,August,1-Aug-2015,78.69,132.906666666667,28.9296666666667,942
CARAGA,2015,September,1-Sep-2015,81,264.8,29.8333333333333,2265
CARAGA,2015,October,1-Oct-2015,78.6666666666667,145.466666666667,30.1,1457.25
CARAGA,2015,November,1-Nov-2015,85.6666666666667,527.133333333333,28.5,1457.25
CARAGA,2015,December,1-Dec-2015,85,328.266666666667,28.3,1932
CARAGA,2016,January,1-Jan-2016,82.3333333333333,150.2,27.2,1972.5
CARAGA,2016,February,1-Feb-2016,82.3333333333333,284.8,26.9333333333333,1029
CARAGA,2016,March,1-Mar-2016,79,71.8666666666667,27.7666666666667,750
CARAGA,2016,April,1-Apr-2016,77.3333333333333,117.133333333333,28.8333333333333,777
CARAGA,2016,May,1-May-2016,79.3333333333333,167,29.0666666666667,739.5
CARAGA,2016,June,1-Jun-2016,80.6666666666667,262.4,29.0333333333333,1021.5
CARAGA,2016,July,1-Jul-2016,80.3333333333333,245.1,28.6333333333333,1353
CARAGA,2016,August,1-Aug-2016,76,86.4666666666667,29.6666666666667,1287
CARAGA,2016,September,1-Sep-2016,80.3333333333333,245.533333333333,28.6666666666667,951
CARAGA,2016,October,1-Oct-2016,83,380.933333333333,28.2666666666667,1024.5
CARAGA,2016,November,1-Nov-2016,86.3333333333333,471.266666666667,27.1333333333333,913.5
CARAGA,2016,December,1-Dec-2016,86,455.2,27.5333333333333,1260.96
CARAGA,2017,January,1-Jan-2017,88.41,813.766666666667,26.64,822
CARAGA,2017,February,1-Feb-2017,86.3533333333333,544.033333333333,26.2983333333333,316.5
CARAGA,2017,March,1-Mar-2017,85.8,582.066666666667,27.1516666666667,420
CARAGA,2017,April,1-Apr-2017,82.3333333333333,271.533333333333,28.2366666666667,240
CARAGA,2017,May,1-May-2017,83.3333333333333,331.1,29.0183333333333,282
CARAGA,2017,June,1-Jun-2017,82,226.133333333333,28.7866666666667,250.5
CARAGA,2017,July,1-Jul-2017,81.6666666666667,232.2,28.4583333333333,235.5
CARAGA,2017,August,1-Aug-2017,80.45,125.633333333333,28.8783333333333,319.5
CARAGA,2017,September,1-Sep-2017,82.3333333333333,191.066666666667,28.67,319.5
CARAGA,2017,October,1-Oct-2017,81.6666666666667,229.066666666667,28.5283333333333,319.5
CARAGA,2017,November,1-Nov-2017,86.4666666666667,470.8,27.9,172.5
CARAGA,2017,December,1-Dec-2017,85.4633333333333,339.5,27.475,321
CARAGA,2018,January,1-Jan-2018,88.3333333333333,617.833333333333,26.7666666666667,393
CARAGA,2018,February,1-Feb-2018,86.3333333333333,475.9,27.2,469.5
CARAGA,2018,March,1-Mar-2018,83,234.233333333333,27.3666666666667,379.5
CARAGA,2018,April,1-Apr-2018,82.6666666666667,255.433333333333,28.0666666666667,267
CARAGA,2018,May,1-May-2018,81.6666666666667,153.233333333333,28.9666666666667,339
CARAGA,2018,June,1-Jun-2018,79,163.1,28.9333333333333,801
CARAGA,2018,July,1-Jul-2018,78.3333333333333,156,29.3333333333333,1062
CARAGA,2018,August,1-Aug-2018,77.3333333333333,90.7333333333333,29.3333333333333,1464
CARAGA,2018,September,1-Sep-2018,79,258.9,28.8333333333333,801.75
CARAGA,2018,October,1-Oct-2018,80.3333333333333,133.666666666667,28.5,801.75
CARAGA,2018,November,1-Nov-2018,84.3333333333333,406.466666666667,27.3666666666667,1189.5
CARAGA,2018,December,1-Dec-2018,86.3333333333333,447.866666666667,27.3666666666667,2574
NCR,2013,January,1-Jan-2013,74.6666666666667,43.3666666666667,26.3666666666667,1234.5
NCR,2013,February,1-Feb-2013,71,78.3333333333333,27.7,709.14
NCR,2013,March,1-Mar-2013,70.3333333333333,78.5333333333333,28.3,544.89
NCR,2013,April,1-Apr-2013,66.3333333333333,31.1666666666667,30.4333333333333,395.43
NCR,2013,May,1-May-2013,72.6666666666667,104.2,30.2666666666667,266.64
NCR,2013,June,1-Jun-2013,78,373.133333333333,29.5333333333333,492
NCR,2013,July,1-Jul-2013,80.3333333333333,290.7,28.6666666666667,1133.25
NCR,2013,August,1-Aug-2013,84.6666666666667,890.6,27.6,2528.85
NCR,2013,September,1-Sep-2013,87.6666666666667,706.033333333333,27.6333333333333,4329.6
NCR,2013,October,1-Oct-2013,79.6666666666667,290.666666666667,27.6,2948.7
NCR,2013,November,1-Nov-2013,79,100.5,27.8333333333333,2418.87
NCR,2013,December,1-Dec-2013,78.6666666666667,70.2333333333333,27.5333333333333,1113
NCR,2014,January,1-Jan-2014,68.6666666666667,0.1,25.3666666666667,1234.5
NCR,2014,February,1-Feb-2014,70,2.43333333333333,26.4,747.48
NCR,2014,March,1-Mar-2014,67.3333333333333,16.0666666666667,27.9333333333333,186
NCR,2014,April,1-Apr-2014,65,10.4666666666667,29.9333333333333,443.25
NCR,2014,May,1-May-2014,66,87.7,30.9333333333333,86.25
NCR,2014,June,1-Jun-2014,80,186.633333333333,29.3,78
NCR,2014,July,1-Jul-2014,86,402.566666666667,28.0333333333333,1019.07
NCR,2014,August,1-Aug-2014,84.6666666666667,325.766666666667,28.0666666666667,2528.85
NCR,2014,September,1-Sep-2014,84.3333333333333,539.966666666667,28.0333333333333,4329.6
NCR,2014,October,1-Oct-2014,81,326.7,28.0666666666667,2948.7
NCR,2014,November,1-Nov-2014,76.3333333333333,57.4333333333333,27.9333333333333,2418.87
NCR,2014,December,1-Dec-2014,78,137.1,26.8666666666667,1371.18
NCR,2015,January,1-Jan-2015,71.6666666666667,26.1666666666667,25.0333333333333,1234.5
NCR,2015,February,1-Feb-2015,68,1.86666666666667,26.2333333333333,696.39
NCR,2015,March,1-Mar-2015,64.3333333333333,6.7,27.6333333333333,664.5
NCR,2015,April,1-Apr-2015,63.3333333333333,23.1333333333333,29.7666666666667,354
NCR,2015,May,1-May-2015,67,73.3333333333333,30.2666666666667,246.75
NCR,2015,June,1-Jun-2015,70.6666666666667,192.333333333333,30.1666666666667,480
NCR,2015,July,1-Jul-2015,78.6666666666667,464.133333333333,28.3333333333333,654.75
NCR,2015,August,1-Aug-2015,80.6666666666667,335.933333333333,28.7666666666667,2715.75
NCR,2015,September,1-Sep-2015,82,391.8,28.8333333333333,7977
NCR,2015,October,1-Oct-2015,78,198.066666666667,28.6,3827.64
NCR,2015,November,1-Nov-2015,70,24.2,29,3827.64
NCR,2015,December,1-Dec-2015,75.3333333333333,294.2,27.5666666666667,1026
NCR,2016,January,1-Jan-2016,71,2.5,27.7666666666667,1140.75
NCR,2016,February,1-Feb-2016,68.6666666666667,30.9,27.2666666666667,748.5
NCR,2016,March,1-Mar-2016,65.6666666666667,1.33333333333333,29.0333333333333,487.5
NCR,2016,April,1-Apr-2016,61.3333333333333,18.7666666666667,30.8333333333333,348
NCR,2016,May,1-May-2016,68,100.666666666667,30.9666666666667,238.5
NCR,2016,June,1-Jun-2016,78.6666666666667,180.833333333333,29.8333333333333,379.5
NCR,2016,July,1-Jul-2016,79.6666666666667,319.133333333333,29.1,1393.5
NCR,2016,August,1-Aug-2016,85.6666666666667,609.733333333333,28.4333333333333,1792.5
NCR,2016,September,1-Sep-2016,85,307.1,28.7333333333333,1933.5
NCR,2016,October,1-Oct-2016,80.3333333333333,211.3,28.7666666666667,1940.25
NCR,2016,November,1-Nov-2016,80.6666666666667,88.8,28.2333333333333,1448.25
NCR,2016,December,1-Dec-2016,78.6666666666667,98.4,27.9666666666667,1463.79
NCR,2017,January,1-Jan-2017,73.3333333333333,41.3666666666667,26.77,1328.25
NCR,2017,February,1-Feb-2017,71.36,47.1,27.5816666666667,644.25
NCR,2017,March,1-Mar-2017,65.6666666666667,5.43333333333333,28.1933333333333,841.5
NCR,2017,April,1-Apr-2017,67.5333333333333,84.8,29.74,436.5
NCR,2017,May,1-May-2017,70.8333333333333,166.133333333333,30.5816666666667,495
NCR,2017,June,1-Jun-2017,79,230.3,29.8883333333333,888.75
NCR,2017,July,1-Jul-2017,82.3333333333333,405.233333333333,28.745,1949.25
NCR,2017,August,1-Aug-2017,81.3666666666667,396.366666666667,28.9783333333333,3078.24
NCR,2017,September,1-Sep-2017,81.6666666666667,417.733333333333,28.94,3078.24
NCR,2017,October,1-Oct-2017,84.62,245.3,28.3166666666667,3078.24
NCR,2017,November,1-Nov-2017,79.6666666666667,144.033333333333,28.4,1980.75
NCR,2017,December,1-Dec-2017,78.44,80.8333333333333,27.275,1623.75
NCR,2018,January,1-Jan-2018,74.6666666666667,43.1,27.2333333333333,1518.75
NCR,2018,February,1-Feb-2018,70,1.16666666666667,27.7333333333333,1483.5
NCR,2018,March,1-Mar-2018,66.3333333333333,26.1666666666667,28.2333333333333,1215.75
NCR,2018,April,1-Apr-2018,63.3333333333333,40.9666666666667,29.7666666666667,542.25
NCR,2018,May,1-May-2018,65.3333333333333,50.3,30.9,452.25
NCR,2018,June,1-Jun-2018,84.6666666666667,630.933333333333,28.5,912.75
NCR,2018,July,1-Jul-2018,89,621.533333333333,27.7333333333333,1552.5
NCR,2018,August,1-Aug-2018,84.6666666666667,507.766666666667,28.0666666666667,3179.25
NCR,2018,September,1-Sep-2018,83,411.433333333333,28.4,2647.89
NCR,2018,October,1-Oct-2018,73,147.933333333333,28.9,2647.89
NCR,2018,November,1-Nov-2018,68.3333333333333,13.6333333333333,28.6,2800.5
NCR,2018,December,1-Dec-2018,75.6666666666667,142.166666666667,27.3666666666667,2076.75
Region01,2013,January,1-Jan-2013,78.3333333333333,8.16666666666667,25.5333333333333,564.99
Region01,2013,February,1-Feb-2013,78.6666666666667,0.4,26.7,250.68
Region01,2013,March,1-Mar-2013,76.6666666666667,23.9333333333333,27.9666666666667,189.75
Region01,2013,April,1-Apr-2013,77,81.1333333333333,29.1666666666667,257.67
Region01,2013,May,1-May-2013,80,157.3,29.1666666666667,209.49
Region01,2013,June,1-Jun-2013,81.6666666666667,208.1,29.0666666666667,611.01
Region01,2013,July,1-Jul-2013,85,213.4,28.2666666666667,2010
Region01,2013,August,1-Aug-2013,87.6666666666667,1008.3,27.3333333333333,2524.77
Region01,2013,September,1-Sep-2013,85.3333333333333,446.8,27.8,2534.1
Region01,2013,October,1-Oct-2013,80.3333333333333,144.733333333333,27.1666666666667,1506.6
Region01,2013,November,1-Nov-2013,80,17.8,27.4,1208.16
Region01,2013,December,1-Dec-2013,80,37.6666666666667,26.3666666666667,684
Region01,2014,January,1-Jan-2014,72.6666666666667,0,23.8666666666667,564.99
Region01,2014,February,1-Feb-2014,78,2.06666666666667,25,285.75
Region01,2014,March,1-Mar-2014,76.6666666666667,0.566666666666667,26.7666666666667,99
Region01,2014,April,1-Apr-2014,75,61.6666666666667,28.4666666666667,287.67
Region01,2014,May,1-May-2014,73.6666666666667,83.6666666666667,29.6333333333333,135.99
Region01,2014,June,1-Jun-2014,83,507.4,28.5,243
Region01,2014,July,1-Jul-2014,85.3333333333333,471.1,28.1,923.76
Region01,2014,August,1-Aug-2014,86.3333333333333,432.5,27.5333333333333,2524.77
Region01,2014,September,1-Sep-2014,85,725.933333333333,27.7,2534.1
Region01,2014,October,1-Oct-2014,78.6666666666667,61.2666666666667,27.7333333333333,1506.6
Region01,2014,November,1-Nov-2014,74.6666666666667,1.93333333333333,27.5,1208.16
Region01,2014,December,1-Dec-2014,72.3333333333333,8.43333333333333,26.7333333333333,959.64
Region01,2015,January,1-Jan-2015,71.3333333333333,1.13333333333333,24.7,564.99
Region01,2015,February,1-Feb-2015,75.3333333333333,0.666666666666667,25.5666666666667,239.01
Region01,2015,March,1-Mar-2015,75,6.5,26.8666666666667,219.99
Region01,2015,April,1-Apr-2015,74.3333333333333,24.3666666666667,28.5,311.01
Region01,2015,May,1-May-2015,76.8,52.7666666666667,29.3166666666667,279
Region01,2015,June,1-Jun-2015,77.3333333333333,146.666666666667,29.7,914.01
Region01,2015,July,1-Jul-2015,86,899.633333333333,27.2,924.99
Region01,2015,August,1-Aug-2015,84.3333333333333,553.933333333333,28.1666666666667,4644.99
Region01,2015,September,1-Sep-2015,83,213.1,28.3666666666667,4917.99
Region01,2015,October,1-Oct-2015,82.4333333333333,239.946666666667,27.453,2272.5
Region01,2015,November,1-Nov-2015,78,0,27.6666666666667,2272.5
Region01,2015,December,1-Dec-2015,80.6666666666667,60.4666666666667,26.6333333333333,1047.99
Region01,2016,January,1-Jan-2016,79,4.4,26.0866666666667,824.01
Region01,2016,February,1-Feb-2016,76.3333333333333,5.86666666666667,25.8,324
Region01,2016,March,1-Mar-2016,78,1.4,27.0333333333333,261.99
Region01,2016,April,1-Apr-2016,75,25.7333333333333,29.1333333333333,290.01
Region01,2016,May,1-May-2016,76.3333333333333,180.733333333333,29.6,201
Region01,2016,June,1-Jun-2016,82.3333333333333,173.566666666667,29.1333333333333,419.01
Region01,2016,July,1-Jul-2016,80.3333333333333,383.4,28.4333333333333,1572.99
Region01,2016,August,1-Aug-2016,88.6666666666667,1069.93333333333,27.4666666666667,1559.01
Region01,2016,September,1-Sep-2016,86,336.2,27.7333333333333,1314
Region01,2016,October,1-Oct-2016,81.3333333333333,331.866666666667,27.9666666666667,876.99
Region01,2016,November,1-Nov-2016,79,56.9666666666667,27.6,495.99
Region01,2016,December,1-Dec-2016,77,21.3666666666667,27.1666666666667,909.96
Region01,2017,January,1-Jan-2017,74.7,2.4,26.185,306
Region01,2017,February,1-Feb-2017,72.0333333333333,1.5,26.2316666666667,153.99
Region01,2017,March,1-Mar-2017,72.3666666666667,0.9,27.2783333333333,177.99
Region01,2017,April,1-Apr-2017,76.5,22.4,28.5166666666667,141.99
Region01,2017,May,1-May-2017,81.2,229,29.1116666666667,222
Region01,2017,June,1-Jun-2017,82.9333333333333,199.633333333333,29.3483333333333,471
Region01,2017,July,1-Jul-2017,85.5,556.833333333333,28.31,845.01
Region01,2017,August,1-Aug-2017,84.8,395.9,28.1716666666667,1370.34
Region01,2017,September,1-Sep-2017,84.7333333333333,259.4,28.3116666666667,1370.34
Region01,2017,October,1-Oct-2017,83.5,149.5,27.8816666666667,1370.34
Region01,2017,November,1-Nov-2017,80.8333333333333,57.1666666666667,28.025,855.99
Region01,2017,December,1-Dec-2017,74.4666666666667,3.8,26.7366666666667,921
Region01,2018,January,1-Jan-2018,76,13.1,26.4,686.01
Region01,2018,February,1-Feb-2018,77.3333333333333,2.2,26,435.99
Region01,2018,March,1-Mar-2018,71.3333333333333,0.066666666666667,27,293.01
Region01,2018,April,1-Apr-2018,74.3333333333333,38.4333333333333,28.5666666666667,270.99
Region01,2018,May,1-May-2018,75,60.2666666666667,29.9,335.01
Region01,2018,June,1-Jun-2018,85,672.366666666667,28.0666666666667,1110
Region01,2018,July,1-Jul-2018,86.3333333333333,651.8,27.6666666666667,3003.99
Region01,2018,August,1-Aug-2018,88.6666666666667,1049.53333333333,27.1666666666667,3852.99
Region01,2018,September,1-Sep-2018,84.6666666666667,351.2,27.6333333333333,1005.99
Region01,2018,October,1-Oct-2018,77.6666666666667,55.2,27.7333333333333,1005.99
Region01,2018,November,1-Nov-2018,75.6666666666667,0.1,27.5333333333333,864
Region01,2018,December,1-Dec-2018,76,4.4,27.0666666666667,1239
Region02,2013,January,1-Jan-2013,83.5,136.14,22.48,507.5
Region02,2013,February,1-Feb-2013,83.5675,39.94,23.87425,227.45
Region02,2013,March,1-Mar-2013,82.35,28.86,25.342,140.15
Region02,2013,April,1-Apr-2013,82.4535,77.14,26.61475,209.35
Region02,2013,May,1-May-2013,82.85,114.46,27.88125,185.25
Region02,2013,June,1-Jun-2013,80.6,87.92,29.08,201
Region02,2013,July,1-Jul-2013,82.2,176.46,28,1447
Region02,2013,August,1-Aug-2013,83.6,295.12,27.88,1812.9
Region02,2013,September,1-Sep-2013,84.6,526.836,27.4,1609.55
Region02,2013,October,1-Oct-2013,80.6,222.58,25.96,891.9
Region02,2013,November,1-Nov-2013,83.6,184.58,25,790
Region02,2013,December,1-Dec-2013,85.2,184.34,22.84,152
Region02,2014,January,1-Jan-2014,79.8,73.46,21.62,507.5
Region02,2014,February,1-Feb-2014,83.8,32.92,23.1,263.4
Region02,2014,March,1-Mar-2014,83.6,14.76,24.46,79
Region02,2014,April,1-Apr-2014,81.4,35.3,27.12,239.35
Region02,2014,May,1-May-2014,82,75.008,29.26,57
Region02,2014,June,1-Jun-2014,83.8,247.7,29.12,126
Region02,2014,July,1-Jul-2014,85,206.6,28.5,565.75
Region02,2014,August,1-Aug-2014,85.6,137.08,28.06,1812.9
Region02,2014,September,1-Sep-2014,85.6,239.04,28.1,1609.55
Region02,2014,October,1-Oct-2014,82.8,109.18,26.84,891.9
Region02,2014,November,1-Nov-2014,83.8,102.48,25.76,790
Region02,2014,December,1-Dec-2014,86.4,166.66,22.58,504.95
Region02,2015,January,1-Jan-2015,84.2,79.14,21.8,507.5
Region02,2015,February,1-Feb-2015,84.2,50.54,22.8,215.5
Region02,2015,March,1-Mar-2015,81.8,40.62,25.02,160.5
Region02,2015,April,1-Apr-2015,85.04,70.92,26.457,359
Region02,2015,May,1-May-2015,84.6,179.02,28.16,434
Region02,2015,June,1-Jun-2015,80.6,40.72,29.7,1074
Region02,2015,July,1-Jul-2015,85.2,183.72,28.4,1162
Region02,2015,August,1-Aug-2015,83.4,380.8,28.28,3821
Region02,2015,September,1-Sep-2015,82.2,54.16,28.06,3549
Region02,2015,October,1-Oct-2015,85.8,344.16,26.74,1528
Region02,2015,November,1-Nov-2015,87,113.22,26.16,1528
Region02,2015,December,1-Dec-2015,87.6,206.52,24.42,149
Region02,2016,January,1-Jan-2016,84.2,162.14,23.96,782
Region02,2016,February,1-Feb-2016,85.4,111.72,22.78,355
Region02,2016,March,1-Mar-2016,84.2,41.96,24.6916,183
Region02,2016,April,1-Apr-2016,80.4,8.56,28.157,152
Region02,2016,May,1-May-2016,81.6,129.28,29.1,94
Region02,2016,June,1-Jun-2016,83.4,138.18,29.2,155
Region02,2016,July,1-Jul-2016,84.6,313.84,29,514
Region02,2016,August,1-Aug-2016,87.8,264.98,28.52,768
Region02,2016,September,1-Sep-2016,86.8,401.1,27.96,430
Region02,2016,October,1-Oct-2016,86.8,370.76,27.52,298
Region02,2016,November,1-Nov-2016,86.6836,341.36,25.58,138
Region02,2016,December,1-Dec-2016,87.56,303.18,24.0978,844.85
Region02,2017,January,1-Jan-2017,86.438,155.92,23.256,233
Region02,2017,February,1-Feb-2017,85.846,117.54,22.567,76
Region02,2017,March,1-Mar-2017,82.62,25.14,24.5,138
Region02,2017,April,1-Apr-2017,82.972,63.2,26.42,87
Region02,2017,May,1-May-2017,85.844,319.86,27.997,156
Region02,2017,June,1-Jun-2017,83.092,56.24,29.191,347
Region02,2017,July,1-Jul-2017,83.552,165.16,28.69,495
Region02,2017,August,1-Aug-2017,86.098,353.52,28.469,849.65
Region02,2017,September,1-Sep-2017,86.284,182.52,28.481,849.65
Region02,2017,October,1-Oct-2017,86.538,378.68,26.815,849.65
Region02,2017,November,1-Nov-2017,88.82,503.14,26.03,704
Region02,2017,December,1-Dec-2017,87.42,195.82,22.997,521
Region02,2018,January,1-Jan-2018,87.2,118.74,22.96,336
Region02,2018,February,1-Feb-2018,86.9675,145.36,23.05425,204
Region02,2018,March,1-Mar-2018,79.95,28.9,24.422,241
Region02,2018,April,1-Apr-2018,80.2535,26.42,26.29475,188
Region02,2018,May,1-May-2018,80.85,9.96,28.97725,266
Region02,2018,June,1-Jun-2018,83.284,222.06,28.8714,507
Region02,2018,July,1-Jul-2018,87.0172,267.56,28.2946,1781
Region02,2018,August,1-Aug-2018,88.16,427.36,27.9476,3178
Region02,2018,September,1-Sep-2018,87.36,326.82,27.875,76.5
Region02,2018,October,1-Oct-2018,85.04,147.6,26.639,76.5
Region02,2018,November,1-Nov-2018,86.8404,73.12,25.954,1083
Region02,2018,December,1-Dec-2018,85.9164,217.06,24.279,2155
Region03,2013,January,1-Jan-2013,77.8333333333333,93.7666666666667,25.7833333333333,2410.02
Region03,2013,February,1-Feb-2013,79,159.55,26.6666666666667,1222.68
Region03,2013,March,1-Mar-2013,77.5,120.066666666667,27.6,777.66
Region03,2013,April,1-Apr-2013,76,80.3,29.4,553.26
Region03,2013,May,1-May-2013,79.1666666666667,105.666666666667,29.4333333333333,294.24
Region03,2013,June,1-Jun-2013,82.8333333333333,393.183333333333,28.8666666666667,537
Region03,2013,July,1-Jul-2013,84.6666666666667,412.75,27.9333333333333,2580
Region03,2013,August,1-Aug-2013,86.1666666666667,730.816666666667,27.3666666666667,4406.22
Region03,2013,September,1-Sep-2013,86,560.3,27.5666666666667,6637.56
Region03,2013,October,1-Oct-2013,81.1666666666667,258.716666666667,27.35,4569.24
Region03,2013,November,1-Nov-2013,82,261.166666666667,27.1833333333333,3777.66
Region03,2013,December,1-Dec-2013,81.3333333333333,332.4,26.7166666666667,2550
Region03,2014,January,1-Jan-2014,73.6666666666667,23.7166666666667,24.5833333333333,2410.02
Region03,2014,February,1-Feb-2014,78,37.0166666666667,25.7666666666667,1292.1
Region03,2014,March,1-Mar-2014,76.6666666666667,127.566666666667,26.9333333333333,250.02
Region03,2014,April,1-Apr-2014,76,47.4166666666667,28.8,628.98
Region03,2014,May,1-May-2014,74.1666666666667,70.5333333333333,30.2666666666667,139.98
Region03,2014,June,1-Jun-2014,81.3333333333333,330.766666666667,29.25,277.98
Region03,2014,July,1-Jul-2014,85.1666666666667,502.6,28.1166666666667,1674.78
Region03,2014,August,1-Aug-2014,84,387.716666666667,27.9666666666667,4406.22
Region03,2014,September,1-Sep-2014,84.8333333333333,469.216666666667,27.85,6637.56
Region03,2014,October,1-Oct-2014,81,252.2,27.7666666666667,4569.24
Region03,2014,November,1-Nov-2014,77,128.25,27.4833333333333,3777.66
Region03,2014,December,1-Dec-2014,79.0133333333333,218.19,26.2833333333333,2694.78
Region03,2015,January,1-Jan-2015,74.5,50.15,25.0166666666667,2410.02
Region03,2015,February,1-Feb-2015,75.3333333333333,64.2,25.1166666666667,1199.52
Region03,2015,March,1-Mar-2015,71.6666666666667,81.8833333333333,26.5166666666667,953.52
Region03,2015,April,1-Apr-2015,72.8333333333333,65.2833333333333,28.5166666666667,547.02
Region03,2015,May,1-May-2015,75.3333333333333,83.8333333333333,29.3833333333333,349.02
Region03,2015,June,1-Jun-2015,77.3333333333333,191.016666666667,29.5166666666667,790.98
Region03,2015,July,1-Jul-2015,82.3333333333333,492.766666666667,27.735,1450.02
Region03,2015,August,1-Aug-2015,82.3333333333333,337.883333333333,28.4,6406.02
Region03,2015,September,1-Sep-2015,82.1666666666667,263.866666666667,28.4166666666667,13134
Region03,2015,October,1-Oct-2015,80.8333333333333,364.15,27.7833333333333,6927
Region03,2015,November,1-Nov-2015,76.1666666666667,62.6,28,6927
Region03,2015,December,1-Dec-2015,80.5,534.016666666667,26.6333333333333,3481.02
Region03,2016,January,1-Jan-2016,77.4333333333333,69.7333333333333,26.2398333333333,2608.02
Region03,2016,February,1-Feb-2016,78,60.8,26.3166666666667,1500
Region03,2016,March,1-Mar-2016,78.3333333333333,51.0166666666667,27.55,757.98
Region03,2016,April,1-Apr-2016,75.1666666666667,52.6333333333333,29.5333333333333,550.02
Region03,2016,May,1-May-2016,76,201.966666666667,29.7,271.98
Region03,2016,June,1-Jun-2016,82.1833333333333,185.933333333333,29.0168333333333,480
Region03,2016,July,1-Jul-2016,81.8333333333333,522.95,28.5,2116.02
Region03,2016,August,1-Aug-2016,85.7333333333333,540.203333333333,28.0043333333333,3111
Region03,2016,September,1-Sep-2016,86,374.3,28.15,3076.98
Region03,2016,October,1-Oct-2016,84.8333333333333,486.666666666667,28.0166666666667,3079.02
Region03,2016,November,1-Nov-2016,80.1666666666667,284.95,27.5666666666667,2091
Region03,2016,December,1-Dec-2016,80.3333333333333,240.166666666667,27.1,2145.3
Region03,2017,January,1-Jan-2017,78.2166666666667,263.85,25.9133333333333,2212.02
Region03,2017,February,1-Feb-2017,76.0833333333333,143.45,25.8366666666667,898.98
Region03,2017,March,1-Mar-2017,76.4666666666667,83.25,27.2125,1149
Region03,2017,April,1-Apr-2017,75.15,48.4,28.7808333333333,487.02
Region03,2017,May,1-May-2017,78.1066666666667,223.916666666667,29.5466666666667,415.98
Region03,2017,June,1-Jun-2017,80.8016666666667,212.233333333333,29.16,964.02
Region03,2017,July,1-Jul-2017,84.8583333333333,456.016666666667,27.9858333333333,2860.02
Region03,2017,August,1-Aug-2017,84.0666666666667,548.166666666667,28.4125,3701.7
Region03,2017,September,1-Sep-2017,83.2983333333333,244.716666666667,28.3925,3701.7
Region03,2017,October,1-Oct-2017,82.5516666666667,276.966666666667,27.9691666666667,3701.7
Region03,2017,November,1-Nov-2017,82.155,386.916666666667,27.5891666666667,2314.98
Region03,2017,December,1-Dec-2017,78.4,138.016666666667,26.895,2458.02
Region03,2018,January,1-Jan-2018,77.8333333333333,103.466666666667,26.4833333333333,2392.98
Region03,2018,February,1-Feb-2018,76.6666666666667,54.95,27,1881
Region03,2018,March,1-Mar-2018,73.8333333333333,54.15,27.5,1425
Region03,2018,April,1-Apr-2018,74.8333333333333,85.3166666666667,28.9333333333333,562.98
Region03,2018,May,1-May-2018,74.5,122.716666666667,30.0333333333333,690
Region03,2018,June,1-Jun-2018,84.3333333333333,544.033333333333,28.3166666666667,1657.02
Region03,2018,July,1-Jul-2018,87.8333333333333,803.016666666667,27.5333333333333,4135.02
Region03,2018,August,1-Aug-2018,86.6666666666667,599.833333333333,27.8,6562.98
Region03,2018,September,1-Sep-2018,84.3333333333333,399.25,28.0333333333333,2756.52
Region03,2018,October,1-Oct-2018,80.4,180.333333333333,28.2166666666667,2756.52
Region03,2018,November,1-Nov-2018,76.6666666666667,55.2166666666667,27.65,3442.02
Region03,2018,December,1-Dec-2018,78.6666666666667,181.283333333333,26.8666666666667,2551.98
Region04A,2013,January,1-Jan-2013,83,177.766666666667,24.8333333333333,2621.1
Region04A,2013,February,1-Feb-2013,82.5,195.5,25.75,1348.58
Region04A,2013,March,1-Mar-2013,80.5,84.1166666666667,26.6166666666667,935.38
Region04A,2013,April,1-Apr-2013,77,13.0833333333333,28.5333333333333,701.96
Region04A,2013,May,1-May-2013,80.5,131.283333333333,28.7666666666667,433.88
Region04A,2013,June,1-Jun-2013,83.3333333333333,354.216666666667,28.2166666666667,1575.65
Region04A,2013,July,1-Jul-2013,86.1666666666667,416.016666666667,27.2333333333333,4292.75
Region04A,2013,August,1-Aug-2013,86.3333333333333,540.5,26.8666666666667,3975.55
Region04A,2013,September,1-Sep-2013,88.3333333333333,539,26.5666666666667,7147.75
Region04A,2013,October,1-Oct-2013,85,251.616666666667,26.3166666666667,4788.15
Region04A,2013,November,1-Nov-2013,86.8333333333333,486.733333333333,26.2,4191.14
Region04A,2013,December,1-Dec-2013,86.6666666666667,268.816666666667,25.8166666666667,1849.35
Region04A,2014,January,1-Jan-2014,79.8333333333333,56.65,23.8166666666667,2621.1
Region04A,2014,February,1-Feb-2014,81.3333333333333,32.9333333333333,24.7333333333333,1384.26
Region04A,2014,March,1-Mar-2014,81.5,76.5,26.05,369.5
Region04A,2014,April,1-Apr-2014,79,53.4833333333333,27.8166666666667,789.15
Region04A,2014,May,1-May-2014,79.1666666666667,91.2,29.3166666666667,197.9
Region04A,2014,June,1-Jun-2014,83,162.25,28.3666666666667,269.35
Region04A,2014,July,1-Jul-2014,86.1666666666667,366.25,27.2666666666667,1622.39
Region04A,2014,August,1-Aug-2014,84,262.033333333333,27.3333333333333,3975.55
Region04A,2014,September,1-Sep-2014,86.3333333333333,380.683333333333,26.8333333333333,7147.75
Region04A,2014,October,1-Oct-2014,87.1666666666667,423.583333333333,26.7333333333333,4788.15
Region04A,2014,November,1-Nov-2014,85,285.533333333333,26.45,4191.14
Region04A,2014,December,1-Dec-2014,87.3333333333333,477.033333333333,25.1833333333333,2667.56
Region04A,2015,January,1-Jan-2015,84.6666666666667,119.6,23.8333333333333,2621.1
Region04A,2015,February,1-Feb-2015,83.1666666666667,66.4833333333333,25.9333333333333,1336.73
Region04A,2015,March,1-Mar-2015,80.6666666666667,65.1,25.8666666666667,1124
Region04A,2015,April,1-Apr-2015,79.8333333333333,22.4333333333333,27.6666666666667,621.35
Region04A,2015,May,1-May-2015,78.5,26.4833333333333,28.9166666666667,431.4
Region04A,2015,June,1-Jun-2015,82.8333333333333,138.4,28.7166666666667,855
Region04A,2015,July,1-Jul-2015,85,242.916666666667,27.65,1161.6
Region04A,2015,August,1-Aug-2015,84.6666666666667,228.733333333333,27.7166666666667,4817.75
Region04A,2015,September,1-Sep-2015,85,276.35,27.75,14568.15
Region04A,2015,October,1-Oct-2015,84.1666666666667,285.1,26.8,7535.48
Region04A,2015,November,1-Nov-2015,84.1666666666667,206,27.1333333333333,7535.48
Region04A,2015,December,1-Dec-2015,85.5,509.933333333333,26.0666666666667,2411.15
Region04A,2016,January,1-Jan-2016,84.3333333333333,90.8666666666667,25.8166666666667,3388.6
Region04A,2016,February,1-Feb-2016,83,181.916666666667,25.35,1761.15
Region04A,2016,March,1-Mar-2016,83.1666666666667,119.9,26.7,1165
Region04A,2016,April,1-Apr-2016,79,31.6833333333333,28.5166666666667,883.5
Region04A,2016,May,1-May-2016,81.3333333333333,120.55,29.0666666666667,540.35
Region04A,2016,June,1-Jun-2016,84.3333333333333,180.35,28.6666666666667,868.15
Region04A,2016,July,1-Jul-2016,84.6666666666667,202.033333333333,28.0666666666667,2771.15
Region04A,2016,August,1-Aug-2016,86.1666666666667,353.35,27.5333333333333,3475
Region04A,2016,September,1-Sep-2016,86,186.433333333333,27.8833333333333,3241.15
Region04A,2016,October,1-Oct-2016,87.3333333333333,397.583333333333,27.25,3195.1
Region04A,2016,November,1-Nov-2016,87,395.133333333333,26.3666666666667,2103.6
Region04A,2016,December,1-Dec-2016,87,513.8,26.0166666666667,2621.08
Region04A,2017,January,1-Jan-2017,85.53,272.283333333333,25.0591666666667,1853.6
Region04A,2017,February,1-Feb-2017,83.9983333333333,155.2,24.8208333333333,912.25
Region04A,2017,March,1-Mar-2017,82.505,65.5333333333333,26.1741666666667,1083
Region04A,2017,April,1-Apr-2017,82.18,97.3833333333333,27.69,513.85
Region04A,2017,May,1-May-2017,83.0633333333333,155.4,28.8625,565.85
Region04A,2017,June,1-Jun-2017,84.0533333333333,163.633333333333,28.4733333333333,1046.25
Region04A,2017,July,1-Jul-2017,86.54,328.45,27.1916666666667,2291.4
Region04A,2017,August,1-Aug-2017,85.1133333333333,261.283333333333,27.6941666666667,3633.88
Region04A,2017,September,1-Sep-2017,86.78,515.833333333333,27.1275,3633.88
Region04A,2017,October,1-Oct-2017,88.0433333333333,404.866666666667,26.595,3633.88
Region04A,2017,November,1-Nov-2017,86.1783333333333,464.433333333333,26.6583333333333,2934.4
Region04A,2017,December,1-Dec-2017,87.3566666666667,414.15,25.4666666666667,2970.4
Region04A,2018,January,1-Jan-2018,86,227.75,25.1666666666667,2317.1
Region04A,2018,February,1-Feb-2018,84.1666666666667,112.1,25.7,1937
Region04A,2018,March,1-Mar-2018,82,113.566666666667,26.1333333333333,1603.6
Region04A,2018,April,1-Apr-2018,79.6666666666667,57.9666666666667,27.7166666666667,720.75
Region04A,2018,May,1-May-2018,80.5,106.016666666667,28.8,653.25
Region04A,2018,June,1-Jun-2018,85.1666666666667,386.583333333333,27.4666666666667,1275.1
Region04A,2018,July,1-Jul-2018,86.1666666666667,459.65,26.9166666666667,3453.35
Region04A,2018,August,1-Aug-2018,84,231.616666666667,27.3333333333333,4996.4
Region04A,2018,September,1-Sep-2018,85.8333333333333,256.733333333333,27.1666666666667,2030.13
Region04A,2018,October,1-Oct-2018,82,123.733333333333,27.45,2030.13
Region04A,2018,November,1-Nov-2018,82.3333333333333,150.783333333333,26.8333333333333,4153.5
Region04A,2018,December,1-Dec-2018,86,514.383333333333,25.8333333333333,3260.6
Region04B,2013,January,1-Jan-2013,83.3333333333333,81.55,26.8854166666667,730.92
Region04B,2013,February,1-Feb-2013,81.8333333333333,97.6,27.0775,403.54
Region04B,2013,March,1-Mar-2013,80.3333333333333,37.9166666666667,28.03375,305.75
Region04B,2013,April,1-Apr-2013,79.1666666666667,55.0833333333333,29.2210416666667,231.93
Region04B,2013,May,1-May-2013,81.5,173.383333333333,28.9520833333333,182
Region04B,2013,June,1-Jun-2013,86,350.35,28.0933333333333,669.33
Region04B,2013,July,1-Jul-2013,86.3333333333333,418.683333333333,27.6066666666667,1537
Region04B,2013,August,1-Aug-2013,86.5,334.05,27.4248333333333,1282.52
Region04B,2013,September,1-Sep-2013,86,368.816666666667,27.5583333333333,1697.56
Region04B,2013,October,1-Oct-2013,84.0666666666667,180.833333333333,27.63,1111.05
Region04B,2013,November,1-Nov-2013,83.3666666666667,274.706666666667,27.8676666666667,925.97
Region04B,2013,December,1-Dec-2013,83.0666666666667,124.766666666667,27.7533333333333,387.67
Region04B,2014,January,1-Jan-2014,81.4,37.75,26.3020833333333,730.92
Region04B,2014,February,1-Feb-2014,81.0666666666667,39.9166666666667,26.5775,433.92
Region04B,2014,March,1-Mar-2014,79.3,26.5333333333333,27.7670833333333,102.5
Region04B,2014,April,1-Apr-2014,78.6,52.6666666666667,28.6877083333333,270.93
Region04B,2014,May,1-May-2014,78.3333333333333,81.6833333333333,29.3520833333333,117.83
Region04B,2014,June,1-Jun-2014,84,333.2,28.25,159.67
Region04B,2014,July,1-Jul-2014,86.8333333333333,560.416666666667,27.3,644.29
Region04B,2014,August,1-Aug-2014,84.3333333333333,182.583333333333,27.8666666666667,1282.52
Region04B,2014,September,1-Sep-2014,86.6666666666667,390.813333333333,27.3301666666667,1697.56
Region04B,2014,October,1-Oct-2014,85.8333333333333,268.716666666667,27.6333333333333,1111.05
Region04B,2014,November,1-Nov-2014,82.3333333333333,82.2666666666667,28.0333333333333,925.97
Region04B,2014,December,1-Dec-2014,83.6666666666667,170.5,27.3166666666667,665.55
Region04B,2015,January,1-Jan-2015,82.3333333333333,33.25,26.4166666666667,730.92
Region04B,2015,February,1-Feb-2015,77.3333333333333,16.2666666666667,26.9,393.42
Region04B,2015,March,1-Mar-2015,76,24.4333333333333,27.5945,373.5
Region04B,2015,April,1-Apr-2015,76.1666666666667,22.8,28.7333333333333,159.67
Region04B,2015,May,1-May-2015,78.3333333333333,58.3666666666667,29.35,152.83
Region04B,2015,June,1-Jun-2015,80.1666666666667,181.633333333333,28.8833333333333,356
Region04B,2015,July,1-Jul-2015,83,295,28.0333333333333,489.67
Region04B,2015,August,1-Aug-2015,85,332.716666666667,27.8333333333333,1672.5
Region04B,2015,September,1-Sep-2015,84.5,272.416666666667,28.1,3298.83
Region04B,2015,October,1-Oct-2015,82,151.066666666667,28.2333333333333,1603.92
Region04B,2015,November,1-Nov-2015,77.8266666666667,84.2566666666667,28.6783333333333,1603.92
Region04B,2015,December,1-Dec-2015,79.3333333333333,160.783333333333,27.8916666666667,553.83
Region04B,2016,January,1-Jan-2016,78.5,24.3833333333333,27.7166666666667,878.67
Region04B,2016,February,1-Feb-2016,77.5,57.2666666666667,26.4666666666667,488.33
Region04B,2016,March,1-Mar-2016,76.3333333333333,12.0833333333333,28.4333333333333,428.5
Region04B,2016,April,1-Apr-2016,73.6666666666667,22.3,29.6666666666667,379.5
Region04B,2016,May,1-May-2016,77.3333333333333,108.133333333333,29.8166666666667,264.17
Region04B,2016,June,1-Jun-2016,80.8333333333333,219.216666666667,28.65,459.33
Region04B,2016,July,1-Jul-2016,80.5,268.416666666667,28.1166666666667,1324.33
Region04B,2016,August,1-Aug-2016,85.3333333333333,375.85,27.9833333333333,1302.5
Region04B,2016,September,1-Sep-2016,84.1666666666667,339.2,27.9833333333333,921.33
Region04B,2016,October,1-Oct-2016,83.3333333333333,322.316666666667,27.7333333333333,856.67
Region04B,2016,November,1-Nov-2016,81.6666666666667,231.673333333333,27.74,520.17
Region04B,2016,December,1-Dec-2016,81.6666666666667,203.466666666667,27.7833333333333,761.98
Region04B,2017,January,1-Jan-2017,80.815,107.883333333333,27.365,583.17
Region04B,2017,February,1-Feb-2017,78.9133333333333,30.1666666666667,27.4008333333333,298.5
Region04B,2017,March,1-Mar-2017,78.2733333333333,29.3333333333333,28.0433333333333,318.5
Region04B,2017,April,1-Apr-2017,77.8783333333333,63.0666666666667,28.7758333333333,117.67
Region04B,2017,May,1-May-2017,80.07,150.2,28.8458333333333,193.17
Region04B,2017,June,1-Jun-2017,81.3166666666667,250.733333333333,28.5508333333333,377
Region04B,2017,July,1-Jul-2017,84.87,425.103333333333,27.6,614.33
Region04B,2017,August,1-Aug-2017,83.7883333333333,320.666666666667,28.0641666666667,872.56
Region04B,2017,September,1-Sep-2017,84.0633333333333,275.15,27.9141666666667,872.56
Region04B,2017,October,1-Oct-2017,84.0916666666667,423.783333333333,27.4991666666667,872.56
Region04B,2017,November,1-Nov-2017,81.815,203.716666666667,27.925,653.83
Region04B,2017,December,1-Dec-2017,82.3333333333333,260.416666666667,27.2625,680.83
Region04B,2018,January,1-Jan-2018,81,108.633333333333,26.9,562.17
Region04B,2018,February,1-Feb-2018,78.8333333333333,44.8833333333333,27.3,520.5
Region04B,2018,March,1-Mar-2018,77,39.8666666666667,27.85,478.67
Region04B,2018,April,1-Apr-2018,76.3333333333333,38.9833333333333,28.9,261
Region04B,2018,May,1-May-2018,76.5,140.25,29.4166666666667,341.5
Region04B,2018,June,1-Jun-2018,82.5,280.45,28.0833333333333,858.17
Region04B,2018,July,1-Jul-2018,86.5,599.25,27.1166666666667,1809.17
Region04B,2018,August,1-Aug-2018,83.6666666666667,209.55,27.7,2597.33
Region04B,2018,September,1-Sep-2018,84,291.45,27.5,979
Region04B,2018,October,1-Oct-2018,80.0956666666667,108.75,28.2333333333333,979
Region04B,2018,November,1-Nov-2018,78.6666666666667,156.433333333333,28.1833333333333,1044
Region04B,2018,December,1-Dec-2018,78.3333333333333,141.6,27.75,944.67
Region05,2013,January,1-Jan-2013,83.5325,284.65,26.15,256.52
Region05,2013,February,1-Feb-2013,87.75,219.75,26.8,127.52
Region05,2013,March,1-Mar-2013,87.5,145.225,27.175,90.76
Region05,2013,April,1-Apr-2013,84.75,32.2,28.475,90.44
Region05,2013,May,1-May-2013,85.25,136.225,29.15,72.52
Region05,2013,June,1-Jun-2013,87,316.775,28.45,202
Region05,2013,July,1-Jul-2013,87.25,311.8,27.95,421
Region05,2013,August,1-Aug-2013,87.5,243.9,28.1,410.32
Region05,2013,September,1-Sep-2013,87,164.8,28.25,431.68
Region05,2013,October,1-Oct-2013,85.25,252.325,27.55,345.16
Region05,2013,November,1-Nov-2013,86.75,549.575,27.425,282.84
Region05,2013,December,1-Dec-2013,87.75,481.2,27,126
Region05,2014,January,1-Jan-2014,83,144.15,25.15,256.52
Region05,2014,February,1-Feb-2014,83.25,49,25.825,123
Region05,2014,March,1-Mar-2014,83,154.6,26.8,36
Region05,2014,April,1-Apr-2014,83.5,86.175,27.75,104.68
Region05,2014,May,1-May-2014,81,23.35,29.575,48
Region05,2014,June,1-Jun-2014,81.5,177.425,29.575,48
Region05,2014,July,1-Jul-2014,85,365.225,28.225,187
Region05,2014,August,1-Aug-2014,82.75,194.925,28.625,410.32
Region05,2014,September,1-Sep-2014,86.5,455.075,27.775,431.68
Region05,2014,October,1-Oct-2014,87,356.25,27.625,345.16
Region05,2014,November,1-Nov-2014,86.5,283.075,27.5,282.84
Region05,2014,December,1-Dec-2014,88.5,694.225,26.525,299.84
Region05,2015,January,1-Jan-2015,85.5,307,25.3,256.52
Region05,2015,February,1-Feb-2015,85.5,141.05,25.725,129
Region05,2015,March,1-Mar-2015,83.5,95.375,26.375,109
Region05,2015,April,1-Apr-2015,82.25,96.575,27.75,61
Region05,2015,May,1-May-2015,82.25,66.1,28.575,63
Region05,2015,June,1-Jun-2015,83.75,174.6,28.9,77
Region05,2015,July,1-Jul-2015,83,152.75,28.225,93
Region05,2015,August,1-Aug-2015,84.25,147.275,28.475,405
Region05,2015,September,1-Sep-2015,84.74725,218.55,28.1868,500
Region05,2015,October,1-Oct-2015,83.75,255.075,28.25,272.52
Region05,2015,November,1-Nov-2015,85.25,262.875,27.975,272.52
Region05,2015,December,1-Dec-2015,86.85,491.975,26.6,177
Region05,2016,January,1-Jan-2016,84.75,154,26.475,280
Region05,2016,February,1-Feb-2016,85.75,249.2,26.1,153
Region05,2016,March,1-Mar-2016,84.25,155.55,27,106
Region05,2016,April,1-Apr-2016,81.5,66.675,28.8,109
Region05,2016,May,1-May-2016,81.75,91,29.225,90
Region05,2016,June,1-Jun-2016,84.4,160.055,29.0525,120
Region05,2016,July,1-Jul-2016,84.5,215.675,28.3,299
Region05,2016,August,1-Aug-2016,82.75,180.59,28.92,367
Region05,2016,September,1-Sep-2016,83.5,204.75,28.825,336
Region05,2016,October,1-Oct-2016,86.75,619.95,27.725,304
Region05,2016,November,1-Nov-2016,86.75,417.05,27.35,255
Region05,2016,December,1-Dec-2016,88.5,616.88,26.675,363.44
Region05,2017,January,1-Jan-2017,85.75,428.1,26.145,233
Region05,2017,February,1-Feb-2017,82.25,131.225,26.18125,105
Region05,2017,March,1-Mar-2017,82.81,212.9,26.96,112
Region05,2017,April,1-Apr-2017,82.5,112.45,27.705,87
Region05,2017,May,1-May-2017,83.8625,133.5,28.94625,89
Region05,2017,June,1-Jun-2017,82.75,121.525,29.05125,192
Region05,2017,July,1-Jul-2017,86.1825,277.575,28.05875,315
Region05,2017,August,1-Aug-2017,84,224.075,28.485,459
Region05,2017,September,1-Sep-2017,85.6175,309,28.24125,459
Region05,2017,October,1-Oct-2017,85.525,483.7,27.83,459
Region05,2017,November,1-Nov-2017,87.0025,346.375,27.97,321
Region05,2017,December,1-Dec-2017,87.0225,733.175,26.84875,359
Region05,2018,January,1-Jan-2018,88.5,653.85,26.175,302
Region05,2018,February,1-Feb-2018,86.5,330.275,26.375,177
Region05,2018,March,1-Mar-2018,81.5,143.525,27.025,208
Region05,2018,April,1-Apr-2018,82,145.075,28.025,118
Region05,2018,May,1-May-2018,82.5,103.65,29.075,83
Region05,2018,June,1-Jun-2018,83.5,155.9,28.7,309
Region05,2018,July,1-Jul-2018,82.75,157.6,28.6,388
Region05,2018,August,1-Aug-2018,81.5,152.25,28.725,448
Region05,2018,September,1-Sep-2018,85,284.875,28.225,225
Region05,2018,October,1-Oct-2018,83.25,107.05,27.85,225
Region05,2018,November,1-Nov-2018,84.99725,247.425,27.7,326
Region05,2018,December,1-Dec-2018,87.0225,733.175,26.84875,359
Region06,2013,January,1-Jan-2013,83,78.5,27,968
Region06,2013,February,1-Feb-2013,83,176,27.5,494.03
Region06,2013,March,1-Mar-2013,80,13.8,27.8,438.88
Region06,2013,April,1-Apr-2013,77,15.5,29.2,411.67
Region06,2013,May,1-May-2013,79,125.5,29.4,355.25
Region06,2013,June,1-Jun-2013,83,440.7,28.4,2411
Region06,2013,July,1-Jul-2013,84,404.3,28,6070
Region06,2013,August,1-Aug-2013,83,192,28,3469.22
Region06,2013,September,1-Sep-2013,83,288.3,28.3,2910.56
Region06,2013,October,1-Oct-2013,79,153.5,28.2,1676.22
Region06,2013,November,1-Nov-2013,83,223,28.2,1100.67
Region06,2013,December,1-Dec-2013,83,373.7,28.2,330
Region06,2014,January,1-Jan-2014,79,101.1,26.2,968
Region06,2014,February,1-Feb-2014,80,43.4,26.8,501.63
Region06,2014,March,1-Mar-2014,79,63.1,27.7,260
Region06,2014,April,1-Apr-2014,79,69.5,28.5,477.67
Region06,2014,May,1-May-2014,76,40.8,29.9,211
Region06,2014,June,1-Jun-2014,81,299.3,29.2,534
Region06,2014,July,1-Jul-2014,83,186.2,28.2,2233.75
Region06,2014,August,1-Aug-2014,81,241.3,28.5,3469.22
Region06,2014,September,1-Sep-2014,83,219.5,28,2910.56
Region06,2014,October,1-Oct-2014,83,234.5,28.3,1676.22
Region06,2014,November,1-Nov-2014,80,86,28.8,1100.67
Region06,2014,December,1-Dec-2014,84,344,27.4,1185.04
Region06,2015,January,1-Jan-2015,84,133,26.7,968
Region06,2015,February,1-Feb-2015,81,24,27.1,491.5
Region06,2015,March,1-Mar-2015,79,26.5,27.6,498.5
Region06,2015,April,1-Apr-2015,84,27,28.8,232
Region06,2015,May,1-May-2015,77,6,29.8,147
Region06,2015,June,1-Jun-2015,79,196,29.1,383
Region06,2015,July,1-Jul-2015,82,310.5,28.6,657
Region06,2015,August,1-Aug-2015,82,207.5,28.6,2029
Region06,2015,September,1-Sep-2015,82,327,28.8,3020
Region06,2015,October,1-Oct-2015,80.75,192.875,28.58,1510
Region06,2015,November,1-Nov-2015,81,61,28.9,1510
Region06,2015,December,1-Dec-2015,82,75.5,28.2,867
Region06,2016,January,1-Jan-2016,82,76.5,27.9,1135
Region06,2016,February,1-Feb-2016,83,67,27.5,667
Region06,2016,March,1-Mar-2016,79,8.5,28.8,603
Region06,2016,April,1-Apr-2016,77,18,29.8,689
Region06,2016,May,1-May-2016,76,77.5,30.2,692
Region06,2016,June,1-Jun-2016,80,221,29,1482
Region06,2016,July,1-Jul-2016,81,205.5,28.7,6346
Region06,2016,August,1-Aug-2016,81,76.5,29.1,6924
Region06,2016,September,1-Sep-2016,82,325,28.6,4257
Region06,2016,October,1-Oct-2016,80.75,192.875,28.58,2064
Region06,2016,November,1-Nov-2016,82,325.5,28.6,977
Region06,2016,December,1-Dec-2016,83,244.5,28.1,1848.11
Region06,2017,January,1-Jan-2017,86.48,289.5,27.025,801
Region06,2017,February,1-Feb-2017,80,55,27.245,316
Region06,2017,March,1-Mar-2017,81.45,3,28.005,394
Region06,2017,April,1-Apr-2017,79,88.5,28.7,248
Region06,2017,May,1-May-2017,79,236,29.32,371
Region06,2017,June,1-Jun-2017,80,344.5,29.28,801
Region06,2017,July,1-Jul-2017,82,296,28.3,1352
Region06,2017,August,1-Aug-2017,80,125.5,29.005,1454.67
Region06,2017,September,1-Sep-2017,81,329,28.89,1454.67
Region06,2017,October,1-Oct-2017,82,296.5,28.62,1454.67
Region06,2017,November,1-Nov-2017,81,191.5,28.96,815
Region06,2017,December,1-Dec-2017,84,476.5,27.97,840
Region06,2018,January,1-Jan-2018,82.896,209,27.5,606
Region06,2018,February,1-Feb-2018,82,153.5,27.6,595
Region06,2018,March,1-Mar-2018,80,54,28.4,551
Region06,2018,April,1-Apr-2018,78,91.5,29.4,401
Region06,2018,May,1-May-2018,77,205.5,29.8,506
Region06,2018,June,1-Jun-2018,80,279.5,29,1353
Region06,2018,July,1-Jul-2018,82,152,28.8,2349
Region06,2018,August,1-Aug-2018,82,421.5,28.9,3190
Region06,2018,September,1-Sep-2018,84,157,28.5,1516
Region06,2018,October,1-Oct-2018,79,87,29.2,1516
Region06,2018,November,1-Nov-2018,80,151,28.8,1684
Region06,2018,December,1-Dec-2018,83,154.5,28,1855
Region07,2013,January,1-Jan-2013,84,148.5,27.1666666666667,2363.49
Region07,2013,February,1-Feb-2013,82.6666666666667,124.366666666667,27.4666666666667,1136.19
Region07,2013,March,1-Mar-2013,79,38.7,28.5,965.88
Region07,2013,April,1-Apr-2013,76.6666666666667,38.68,29.3,637.26
Region07,2013,May,1-May-2013,79,86.9666666666667,29.2333333333333,373.26
Region07,2013,June,1-Jun-2013,83,180.6,28.4666666666667,404.01
Region07,2013,July,1-Jul-2013,83.6666666666667,271.233333333333,28,873.99
Region07,2013,August,1-Aug-2013,82.3333333333333,189.5,27.9333333333333,2421.78
Region07,2013,September,1-Sep-2013,80,79.7666666666667,28.6,3291.78
Region07,2013,October,1-Oct-2013,80.6666666666667,109.033333333333,28.1333333333333,3001.95
Region07,2013,November,1-Nov-2013,83.6666666666667,233.3,27.7666666666667,2523.51
Region07,2013,December,1-Dec-2013,83.3333333333333,50.4,28.0333333333333,582
Region07,2014,January,1-Jan-2014,83.3333333333333,248.9,25.9,2363.49
Region07,2014,February,1-Feb-2014,81.6666666666667,45.3333333333333,26.4333333333333,1043.76
Region07,2014,March,1-Mar-2014,80.6666666666667,174.766666666667,27.2,222.99
Region07,2014,April,1-Apr-2014,80.6666666666667,45.7666666666667,28.2,692.01
Region07,2014,May,1-May-2014,79,75.8333333333333,29.3333333333333,153
Region07,2014,June,1-Jun-2014,80.6666666666667,124.933333333333,29.1333333333333,246
Region07,2014,July,1-Jul-2014,83.3333333333333,176.433333333333,28.2,1199.01
Region07,2014,August,1-Aug-2014,81,147.233333333333,28.4666666666667,2421.78
Region07,2014,September,1-Sep-2014,84.3333333333333,162.493333333333,27.7666666666667,3291.78
Region07,2014,October,1-Oct-2014,84.3333333333333,239.7,28,3001.95
Region07,2014,November,1-Nov-2014,83.3333333333333,255.533333333333,28.2,2523.51
Region07,2014,December,1-Dec-2014,84.6666666666667,235.133333333333,27.5,1866.27
Region07,2015,January,1-Jan-2015,85,91.2333333333333,26.6333333333333,2363.49
Region07,2015,February,1-Feb-2015,80.3333333333333,49.1333333333333,26.5333333333333,1167
Region07,2015,March,1-Mar-2015,77,14.9333333333333,27.3,1213.5
Region07,2015,April,1-Apr-2015,76,25.1333333333333,28.5333333333333,222.99
Region07,2015,May,1-May-2015,75.6666666666667,8.73333333333333,29.3666666666667,102
Region07,2015,June,1-Jun-2015,79.6666666666667,148.4,28.7,237.99
Region07,2015,July,1-Jul-2015,78.6666666666667,153.466666666667,28.2333333333333,326.01
Region07,2015,August,1-Aug-2015,82,128.2,28.2,1485.99
Region07,2015,September,1-Sep-2015,83.3333333333333,224.933333333333,28.1666666666667,5307.99
Region07,2015,October,1-Oct-2015,81.3333333333333,109.3,28.3,3051.51
Region07,2015,November,1-Nov-2015,80.3333333333333,62.1333333333333,28.5,3051.51
Region07,2015,December,1-Dec-2015,82.3333333333333,106.366666666667,27.6,1896
Region07,2016,January,1-Jan-2016,80.3333333333333,63.3,27.3333333333333,2025
Region07,2016,February,1-Feb-2016,81.3606666666667,51.5,27.166,1143.99
Region07,2016,March,1-Mar-2016,75.3333333333333,1.53333333333333,28.0333333333333,1238.01
Region07,2016,April,1-Apr-2016,75,3.43333333333333,29.4,1026
Region07,2016,May,1-May-2016,76,118.366666666667,29.7333333333333,558
Region07,2016,June,1-Jun-2016,81,180.633333333333,28.9,888
Region07,2016,July,1-Jul-2016,81.3333333333333,195.8,29.2,3176.01
Region07,2016,August,1-Aug-2016,77.6666666666667,36.5333333333333,29.1666666666667,4547.01
Region07,2016,September,1-Sep-2016,82,159.233333333333,28.7333333333333,3335.01
Region07,2016,October,1-Oct-2016,84,249.766666666667,28.3,4722
Region07,2016,November,1-Nov-2016,83.6666666666667,177.266666666667,27.7,3659.01
Region07,2016,December,1-Dec-2016,85,152.3,27.8333333333333,2708.76
Region07,2017,January,1-Jan-2017,86.09,268.533333333333,26.83,2702.01
Region07,2017,February,1-Feb-2017,79.7566666666667,41.4666666666667,26.725,1190.01
Region07,2017,March,1-Mar-2017,83,96.9333333333333,27.115,1188.99
Region07,2017,April,1-Apr-2017,82.2566666666667,164.366666666667,27.775,608.01
Region07,2017,May,1-May-2017,83.33,98.4333333333333,28.9583333333333,680.01
Region07,2017,June,1-Jun-2017,82.6666666666667,142.533333333333,28.6583333333333,761.01
Region07,2017,July,1-Jul-2017,84.3333333333333,184.433333333333,28.0616666666667,1053.99
Region07,2017,August,1-Aug-2017,83.37,206.366666666667,28.49,1232.34
Region07,2017,September,1-Sep-2017,84.7966666666667,251.9,28.3016666666667,1232.34
Region07,2017,October,1-Oct-2017,84.6666666666667,269.566666666667,27.805,1232.34
Region07,2017,November,1-Nov-2017,84.3333333333333,108.233333333333,28.1933333333333,860.01
Region07,2017,December,1-Dec-2017,85.0833333333333,151.766666666667,27.4816666666667,993.99
Region07,2018,January,1-Jan-2018,86,218.8,27.1,642.99
Region07,2018,February,1-Feb-2018,84,197.3,27.2,582.99
Region07,2018,March,1-Mar-2018,82,66.2666666666667,27.6,552.99
Region07,2018,April,1-Apr-2018,80.3333333333333,67.5333333333333,28.4666666666667,326.01
Region07,2018,May,1-May-2018,80,54.8,29.0666666666667,333.99
Region07,2018,June,1-Jun-2018,79.3333333333333,94.4666666666667,28.8333333333333,839.01
Region07,2018,July,1-Jul-2018,79,102.666666666667,28.7333333333333,1320
Region07,2018,August,1-Aug-2018,76.3333333333333,68.2333333333333,28.9333333333333,2985.99
Region07,2018,September,1-Sep-2018,81.6666666666667,163.333333333333,28.1,1916.49
Region07,2018,October,1-Oct-2018,80.6666666666667,139.3,28.3333333333333,1916.49
Region07,2018,November,1-Nov-2018,83.3333333333333,122.066666666667,27.5666666666667,4206
Region07,2018,December,1-Dec-2018,84,129.8,27.5333333333333,5055.99
Region08,2013,January,1-Jan-2013,88.5,450.516666666667,26.0166666666667,654.48
Region08,2013,February,1-Feb-2013,87.1666666666667,417.283333333333,26.7333333333333,378.3
Region08,2013,March,1-Mar-2013,84,236.483333333333,27.4833333333333,375.24
Region08,2013,April,1-Apr-2013,82,80,28.6166666666667,263.58
Region08,2013,May,1-May-2013,82.3333333333333,137.8,29.1,249.78
Region08,2013,June,1-Jun-2013,86.1666666666667,361.766666666667,28.2,133.98
Region08,2013,July,1-Jul-2013,86.8333333333333,275.316666666667,27.8166666666667,307.98
Region08,2013,August,1-Aug-2013,85.6666666666667,260,28.0166666666667,435.9
Region08,2013,September,1-Sep-2013,84.9746666666667,163.19,28.2918333333333,457.2
Region08,2013,October,1-Oct-2013,84.8666666666667,171.053333333333,27.961,367.92
Region08,2013,November,1-Nov-2013,88.0666666666667,407.59,27.5493333333333,324.66
Region08,2013,December,1-Dec-2013,87.8333333333333,472.97,27.506,102
Region08,2014,January,1-Jan-2014,90.5333333333333,717.793333333333,25.41,654.48
Region08,2014,February,1-Feb-2014,86.0333333333334,161.543333333333,26.3066666666667,491.64
Region08,2014,March,1-Mar-2014,85.9466666666667,302.263333333333,26.8878333333333,562.02
Region08,2014,April,1-Apr-2014,85.9666666666667,334.646666666667,27.5616666666667,411.36
Region08,2014,May,1-May-2014,82.293,97.3,29.0166666666667,343.02
Region08,2014,June,1-Jun-2014,83.6616666666667,291.116666666667,28.7676666666667,328.02
Region08,2014,July,1-Jul-2014,84.8333333333333,317.883333333333,27.9166666666667,428.52
Region08,2014,August,1-Aug-2014,83.1666666666667,239.866666666667,28.2333333333333,435.9
Region08,2014,September,1-Sep-2014,85.6666666666667,311.766666666667,27.5666666666667,457.2
Region08,2014,October,1-Oct-2014,86.5,342.7,27.7166666666667,367.92
Region08,2014,November,1-Nov-2014,86.8333333333333,304.916666666667,27.3833333333333,324.66
Region08,2014,December,1-Dec-2014,89.1666666666667,896,26.75,405.36
Region08,2015,January,1-Jan-2015,87.5,497.033333333333,26,654.48
Region08,2015,February,1-Feb-2015,82.5,104.833333333333,26.2666666666667,340.5
Region08,2015,March,1-Mar-2015,80,80.9833333333333,26.95,313.02
Region08,2015,April,1-Apr-2015,81.1666666666667,86.1333333333333,28.0166666666667,67.02
Region08,2015,May,1-May-2015,78.1666666666667,33.1666666666667,28.9,31.02
Region08,2015,June,1-Jun-2015,83.8333333333333,292.966666666667,28.2666666666667,51
Region08,2015,July,1-Jul-2015,81.2333333333333,139.03,28.3568333333333,96
Region08,2015,August,1-Aug-2015,80.474,139.9,28.7166666666667,190.02
Region08,2015,September,1-Sep-2015,83.7,182.7,28.2666666666667,508.98
Region08,2015,October,1-Oct-2015,83.1783333333333,157.233333333333,28.3333333333333,369
Region08,2015,November,1-Nov-2015,85.3333333333333,274,27.7166666666667,369
Region08,2015,December,1-Dec-2015,87.1666666666667,334.416666666667,26.7666666666667,192
Region08,2016,January,1-Jan-2016,85.8333333333333,214.3,26.7,564
Region08,2016,February,1-Feb-2016,86.3333333333333,230.866666666667,26.5666666666667,370.02
Region08,2016,March,1-Mar-2016,82.3333333333333,45.7666666666667,27.5666666666667,247.02
Region08,2016,April,1-Apr-2016,81.1666666666667,48.5833333333333,28.85,286.98
Region08,2016,May,1-May-2016,81.3333333333333,167.616666666667,29.2666666666667,325.98
Region08,2016,June,1-Jun-2016,84,200.8,28.7,496.98
Region08,2016,July,1-Jul-2016,84,343.066666666667,28.05,985.02
Region08,2016,August,1-Aug-2016,80.1666666666667,87.9833333333333,29.0666666666667,774
Region08,2016,September,1-Sep-2016,84.5,221.7,28.5666666666667,519
Region08,2016,October,1-Oct-2016,86,351.933333333333,27.9833333333333,391.02
Region08,2016,November,1-Nov-2016,87.1823333333333,524.77,26.9395,319.98
Region08,2016,December,1-Dec-2016,88,402.616666666667,27.3166666666667,682.02
Region08,2017,January,1-Jan-2017,87.8816666666667,601.016666666667,26.3991666666667,745.02
Region08,2017,February,1-Feb-2017,85.045,187.011666666667,26.275,310.98
Region08,2017,March,1-Mar-2017,85.8283333333333,337.05,26.8233333333333,379.02
Region08,2017,April,1-Apr-2017,84.92,238.466666666667,27.72,289.02
Region08,2017,May,1-May-2017,84.91,173.233333333333,28.855,298.98
Region08,2017,June,1-Jun-2017,85.6333333333333,184.683333333333,28.7266666666667,228
Region08,2017,July,1-Jul-2017,87.9116666666667,333.4,27.6333333333333,376.02
Region08,2017,August,1-Aug-2017,83.0466666666667,289.466666666667,28.4158333333333,343.68
Region08,2017,September,1-Sep-2017,86.4883333333333,315.616666666667,28.19,343.68
Region08,2017,October,1-Oct-2017,85.155,262.85,27.8316666666667,343.68
Region08,2017,November,1-Nov-2017,87.8866666666667,259.816666666667,28.1366666666667,285
Region08,2017,December,1-Dec-2017,88.2616666666667,1045.8,27.1383333333333,342
Region08,2018,January,1-Jan-2018,90,848.733333333333,26.65,484.98
Region08,2018,February,1-Feb-2018,88.1666666666667,721.533333333333,26.6166666666667,327
Region08,2018,March,1-Mar-2018,84.5,280.666666666667,27.2666666666667,313.02
Region08,2018,April,1-Apr-2018,84.5,203.833333333333,27.9833333333333,226.98
Region08,2018,May,1-May-2018,85.8333333333333,205.016666666667,28.6333333333333,301.02
Region08,2018,June,1-Jun-2018,84.5,192.9,28.5,655.98
Region08,2018,July,1-Jul-2018,83.3333333333333,205.316666666667,28.6,595.98
Region08,2018,August,1-Aug-2018,80.5,130.166666666667,28.9333333333333,1314
Region08,2018,September,1-Sep-2018,83.5,192.666666666667,28.2833333333333,859.98
Region08,2018,October,1-Oct-2018,84.6666666666667,182.483333333333,28.1166666666667,859.98
Region08,2018,November,1-Nov-2018,87,430.983333333333,27.35,1840.02
Region08,2018,December,1-Dec-2018,88,673.683333333333,27.05,1426.02
Region09,2013,January,1-Jan-2013,84.5,307,27.25,655.5
Region09,2013,February,1-Feb-2013,82,193.65,27.95,367.6
Region09,2013,March,1-Mar-2013,79.5,92.2,28.35,320.14
Region09,2013,April,1-Apr-2013,82.5,120.7,28.45,356.68
Region09,2013,May,1-May-2013,84,240.7,28.55,419.26
Region09,2013,June,1-Jun-2013,84,188.3,28.25,389
Region09,2013,July,1-Jul-2013,85,286.9,27.85,532
Region09,2013,August,1-Aug-2013,84,182.95,28.05,743.22
Region09,2013,September,1-Sep-2013,81.5,120.55,28.7,691.22
Region09,2013,October,1-Oct-2013,86,522.2,27.75,516.9
Region09,2013,November,1-Nov-2013,84,360.25,27.9,457
Region09,2013,December,1-Dec-2013,84.5,215.15,28.1,212
Region09,2014,January,1-Jan-2014,83.5,208.9,26.6,655.5
Region09,2014,February,1-Feb-2014,81.5,70.1,27.2,394.88
Region09,2014,March,1-Mar-2014,80,83.4,28.1,220
Region09,2014,April,1-Apr-2014,81.5,53.35,28.45,449.68
Region09,2014,May,1-May-2014,84,136.35,28.9,419
Region09,2014,June,1-Jun-2014,83.5,97.45,28.9,684
Region09,2014,July,1-Jul-2014,83.5,217.95,28.55,707.26
Region09,2014,August,1-Aug-2014,82,134.65,28.6,743.22
Region09,2014,September,1-Sep-2014,83.5,140.8,28.35,691.22
Region09,2014,October,1-Oct-2014,85.5,295,28.35,516.9
Region09,2014,November,1-Nov-2014,83.5,144.8,28.5,457
Region09,2014,December,1-Dec-2014,83.5,103.8,28.4,398.8
Region09,2015,January,1-Jan-2015,83,50.5,27.65,655.5
Region09,2015,February,1-Feb-2015,79,30.45,27.85,358.5
Region09,2015,March,1-Mar-2015,76,4.55,28.25,353.5
Region09,2015,April,1-Apr-2015,80.5,33,28.8,365
Region09,2015,May,1-May-2015,78.5,27.7,29.2,407
Region09,2015,June,1-Jun-2015,83.5,213.35,28.55,639
Region09,2015,July,1-Jul-2015,81.694,78.105,28.4809,505
Region09,2015,August,1-Aug-2015,82,102.55,28.65,978
Region09,2015,September,1-Sep-2015,83.5,313.6,28.25,1130
Region09,2015,October,1-Oct-2015,82,132.2,28.5,578
Region09,2015,November,1-Nov-2015,83,161,28.3,578
Region09,2015,December,1-Dec-2015,79.5,46.1,28.2,357
Region09,2016,January,1-Jan-2016,78,13.25,28.1,711
Region09,2016,February,1-Feb-2016,78,19.85,28.3,415
Region09,2016,March,1-Mar-2016,75,2.65,28.65,383
Region09,2016,April,1-Apr-2016,77,46.85,29.3,371
Region09,2016,May,1-May-2016,79.5,124.9,29,464
Region09,2016,June,1-Jun-2016,81,247.65,28.45,640
Region09,2016,July,1-Jul-2016,82,143.65,28.45,1155
Region09,2016,August,1-Aug-2016,80.5,160,28.55,942
Region09,2016,September,1-Sep-2016,82,179.75,28.2,634
Region09,2016,October,1-Oct-2016,83,372.15,28.1,663
Region09,2016,November,1-Nov-2016,83.5,185.3,27.85,533
Region09,2016,December,1-Dec-2016,83,199.505,27.85,623.4
Region09,2017,January,1-Jan-2017,84,306.3,27.3725,600
Region09,2017,February,1-Feb-2017,80,65.95,27.5075,302
Region09,2017,March,1-Mar-2017,81.5,180,27.7175,324
Region09,2017,April,1-Apr-2017,79,52.9,28.2475,241
Region09,2017,May,1-May-2017,82,394.85,28.71,387
Region09,2017,June,1-Jun-2017,82.5,156.1,28.4325,666
Region09,2017,July,1-Jul-2017,82.5,114.35,28.2375,682
Region09,2017,August,1-Aug-2017,82.5,163.5,28.4525,309.68
Region09,2017,September,1-Sep-2017,82,151.85,28.4775,309.68
Region09,2017,October,1-Oct-2017,84,294,28.1425,309.68
Region09,2017,November,1-Nov-2017,82,166.05,28.57,260
Region09,2017,December,1-Dec-2017,84.135,199.85,28.1025,216
Region09,2018,January,1-Jan-2018,84,307.3,27.8,303
Region09,2018,February,1-Feb-2018,81,241.05,27.95,352
Region09,2018,March,1-Mar-2018,77,21.25,28.55,319
Region09,2018,April,1-Apr-2018,77,229.25,29.1,184
Region09,2018,May,1-May-2018,80.5,254.25,28.95,336
Region09,2018,June,1-Jun-2018,80.5,92.95,28.85,453
Region09,2018,July,1-Jul-2018,79.5,143.7,28.7,624
Region09,2018,August,1-Aug-2018,80,123.65,28.8,922
Region09,2018,September,1-Sep-2018,81,207.4,28.15,597
Region09,2018,October,1-Oct-2018,80.5,96.45,28.4,597
Region09,2018,November,1-Nov-2018,80.5,264.7,28.4,599
Region09,2018,December,1-Dec-2018,80,129.05,28.2,1021
Region10,2013,January,1-Jan-2013,88.53,311.6,24.835,1460
Region10,2013,February,1-Feb-2013,85.61,140.22,24.9,751.84
Region10,2013,March,1-Mar-2013,83.96,80.81,25.595,661.14
Region10,2013,April,1-Apr-2013,83.38,150.27,26.04,618.84
Region10,2013,May,1-May-2013,81.99,137.01,26.79,463
Region10,2013,June,1-Jun-2013,86.68,278.94,26.09,394
Region10,2013,July,1-Jul-2013,85.37,241.01,25.99,413
Region10,2013,August,1-Aug-2013,85.42,250.89,25.99,1569.56
Region10,2013,September,1-Sep-2013,85.91,207.76,26.0585,1608.9
Region10,2013,October,1-Oct-2013,87.16,229.53,25.94,1163.9
Region10,2013,November,1-Nov-2013,88.1,164.37,25.65,857
Region10,2013,December,1-Dec-2013,86.7,101.75,25.905,432
Region10,2014,January,1-Jan-2014,89.5,443.95,24.3,1460
Region10,2014,February,1-Feb-2014,86.5,62.15,24.9,689.88
Region10,2014,March,1-Mar-2014,86,108.4,25.5,456
Region10,2014,April,1-Apr-2014,84.5,114,25.85,782.34
Region10,2014,May,1-May-2014,83,73.55,26.9,384
Region10,2014,June,1-Jun-2014,87.5,238.55,26.65,844
Region10,2014,July,1-Jul-2014,87.5,255.35,25.75,1127.5
Region10,2014,August,1-Aug-2014,86,442.8,25.9,1569.56
Region10,2014,September,1-Sep-2014,87,201.1,25.3,1608.9
Region10,2014,October,1-Oct-2014,86.5,136.05,26.15,1163.9
Region10,2014,November,1-Nov-2014,86,207.3,26,857
Region10,2014,December,1-Dec-2014,87,198.2,25.8,1048.54
Region10,2015,January,1-Jan-2015,88.5,209.4,25.2,1460
Region10,2015,February,1-Feb-2015,85,40.2,24.65,772.5
Region10,2015,March,1-Mar-2015,80.5,13.2,25.35,729.5
Region10,2015,April,1-Apr-2015,81.5,66.7,26.05,469
Region10,2015,May,1-May-2015,81.8,144.67,26.7935,364
Region10,2015,June,1-Jun-2015,86,223.95,26.15,493
Region10,2015,July,1-Jul-2015,84.5,164.3,25.8,494
Region10,2015,August,1-Aug-2015,85.5,186,26.15,1183
Region10,2015,September,1-Sep-2015,87,275.15,25.9,2042
Region10,2015,October,1-Oct-2015,83,94.3,26.25,1165
Region10,2015,November,1-Nov-2015,84.5,94.4,26.35,1165
Region10,2015,December,1-Dec-2015,83.5,120.1,25.95,1201
Region10,2016,January,1-Jan-2016,80.5,28.9,25.35,1779
Region10,2016,February,1-Feb-2016,79.5,9.85,25.7,1137
Region10,2016,March,1-Mar-2016,77.5,2.9,26.5,880
Region10,2016,April,1-Apr-2016,78.5,16.35,27.25,880
Region10,2016,May,1-May-2016,79,207.45,27.65,663
Region10,2016,June,1-Jun-2016,83.5,345.3,27.05,1155
Region10,2016,July,1-Jul-2016,83.5,276.15,26.5,2875
Region10,2016,August,1-Aug-2016,82.5,230.05,26.6,2873
Region10,2016,September,1-Sep-2016,85,293.6,26.35,2132
Region10,2016,October,1-Oct-2016,85.5,208.8,26.35,1674
Region10,2016,November,1-Nov-2016,85.5,165,25.8,1032
Region10,2016,December,1-Dec-2016,86,224.7,25.8,1527.62
Region10,2017,January,1-Jan-2017,88.65,407.05,25.0275,1141
Region10,2017,February,1-Feb-2017,86.05,139.2,24.985,408
Region10,2017,March,1-Mar-2017,86.425,166.2,25.6475,579
Region10,2017,April,1-Apr-2017,85.4,155.85,26.45,344
Region10,2017,May,1-May-2017,86.95,220.45,27.3675,441
Region10,2017,June,1-Jun-2017,87.9,339.6,26.845,485
Region10,2017,July,1-Jul-2017,87.35,237.85,26.59,524
Region10,2017,August,1-Aug-2017,86.6,278.65,26.7825,652.68
Region10,2017,September,1-Sep-2017,87.05,330.95,26.575,652.68
Region10,2017,October,1-Oct-2017,86.8,289.2,26.3925,652.68
Region10,2017,November,1-Nov-2017,85.5,126.4,26.3425,374
Region10,2017,December,1-Dec-2017,84.5,190.8,26.095,417
Region10,2018,January,1-Jan-2018,87,94.05,25.65,415
Region10,2018,February,1-Feb-2018,83,82.15,26.15,479
Region10,2018,March,1-Mar-2018,83,34.8,26.1,770
Region10,2018,April,1-Apr-2018,78.5,30.7,27.1,656
Region10,2018,May,1-May-2018,81,231.35,27.6,805
Region10,2018,June,1-Jun-2018,83,271.75,26.75,1797
Region10,2018,July,1-Jul-2018,84,294,26.7,2887
Region10,2018,August,1-Aug-2018,83,143.1,26.55,3414
Region10,2018,September,1-Sep-2018,83.5,267.45,26.3,1143
Region10,2018,October,1-Oct-2018,81.5,101.15,26.9,1143
Region10,2018,November,1-Nov-2018,86.5,91,26.5,2369
Region10,2018,December,1-Dec-2018,83.5,52.6,26.3,2588
Region11,2013,January,1-Jan-2013,85,430.5,27,882
Region11,2013,February,1-Feb-2013,79,212,27.8,493.88
Region11,2013,March,1-Mar-2013,76,60,28.7,423.88
Region11,2013,April,1-Apr-2013,78,124.1,28.8,392.08
Region11,2013,May,1-May-2013,80,128.9,29,313.25
Region11,2013,June,1-Jun-2013,83,186.4,28.4,704
Region11,2013,July,1-Jul-2013,82,129.1,28.1,1132
Region11,2013,August,1-Aug-2013,82,185.6,27.8,870
Region11,2013,September,1-Sep-2013,79,112.3,28.8,697.33
Region11,2013,October,1-Oct-2013,78,357.4,28.8,583.17
Region11,2013,November,1-Nov-2013,83,192.6,27.8,471.5
Region11,2013,December,1-Dec-2013,80,67.3,28.3,804
Region11,2014,January,1-Jan-2014,84,285.3,26.5,882
Region11,2014,February,1-Feb-2014,79,23.8,27.8,523.5
Region11,2014,March,1-Mar-2014,82,235.3,28.3,290
Region11,2014,April,1-Apr-2014,78,150.5,29.3,490.33
Region11,2014,May,1-May-2014,79,94.7,29.5,309
Region11,2014,June,1-Jun-2014,81,134.3,29.1,726
Region11,2014,July,1-Jul-2014,80,50.1,28.9,944.25
Region11,2014,August,1-Aug-2014,80,163.7,28.7,870
Region11,2014,September,1-Sep-2014,81,175.2,28.3,697.33
Region11,2014,October,1-Oct-2014,80,338.9,29,583.17
Region11,2014,November,1-Nov-2014,81,179.9,28.7,471.5
Region11,2014,December,1-Dec-2014,82,122.6,28.4,637.69
Region11,2015,January,1-Jan-2015,81,205.7,27.6,882
Region11,2015,February,1-Feb-2015,75,36.4,27.5,484
Region11,2015,March,1-Mar-2015,72,19,28.6,468.5
Region11,2015,April,1-Apr-2015,73,125.4,29.6,215
Region11,2015,May,1-May-2015,78,164.7,29.6,153
Region11,2015,June,1-Jun-2015,83,224.2,28.8,265
Region11,2015,July,1-Jul-2015,80,149.9,28.8,282
Region11,2015,August,1-Aug-2015,80,45.9,28.7,574
Region11,2015,September,1-Sep-2015,80,91.5,28.9,862
Region11,2015,October,1-Oct-2015,81,275.2,28.9,529.5
Region11,2015,November,1-Nov-2015,80,93.3,28.9,529.5
Region11,2015,December,1-Dec-2015,77,63.3,28.9,803
Region11,2016,January,1-Jan-2016,74,14.2,28.9,1018
Region11,2016,February,1-Feb-2016,74,63.8,28.8,621
Region11,2016,March,1-Mar-2016,70,39.8,29.8,586
Region11,2016,April,1-Apr-2016,71,41.8,30.6,671
Region11,2016,May,1-May-2016,76,101.3,30.1,572
Region11,2016,June,1-Jun-2016,81,188.7,29.2,1140
Region11,2016,July,1-Jul-2016,79,68.6,29.1,2581
Region11,2016,August,1-Aug-2016,72,34.6,29.6,1777
Region11,2016,September,1-Sep-2016,79,227.2,29,971
Region11,2016,October,1-Oct-2016,82,387,29.1,961
Region11,2016,November,1-Nov-2016,82,206.4,28.3,769
Region11,2016,December,1-Dec-2016,83,137,28.2,830.07
Region11,2017,January,1-Jan-2017,85,242.2,27.45,746
Region11,2017,February,1-Feb-2017,79,231.6,27.465,347
Region11,2017,March,1-Mar-2017,78,170.2,28.1,351
Region11,2017,April,1-Apr-2017,77,192.2,29.1,192
Region11,2017,May,1-May-2017,81.41,356.2,29.28,219
Region11,2017,June,1-Jun-2017,79,222,28.65,238
Region11,2017,July,1-Jul-2017,79,110.3,28.705,285
Region11,2017,August,1-Aug-2017,80,224.9,28.2,259
Region11,2017,September,1-Sep-2017,79,280.2,28.8,259
Region11,2017,October,1-Oct-2017,78,175.3,28.695,259
Region11,2017,November,1-Nov-2017,80,138.5,28.205,116
Region11,2017,December,1-Dec-2017,78,327.6,28.78,280
Region11,2018,January,1-Jan-2018,80,118.8,27.9,245
Region11,2018,February,1-Feb-2018,83,57.5,28.9,150
Region11,2018,March,1-Mar-2018,71,56.3,29.1,236
Region11,2018,April,1-Apr-2018,74,178.6,29.5,175
Region11,2018,May,1-May-2018,76,254.3,29.6,226
Region11,2018,June,1-Jun-2018,78,108,28.9,539
Region11,2018,July,1-Jul-2018,77,179.6,28.8,790
Region11,2018,August,1-Aug-2018,76,214.4,28.9,1010
Region11,2018,September,1-Sep-2018,74,181.8,29,396.5
Region11,2018,October,1-Oct-2018,76,142.7,29.3,396.5
Region11,2018,November,1-Nov-2018,76,60.8,29,823
Region11,2018,December,1-Dec-2018,77,256.6,28.7,919
Region12,2013,January,1-Jan-2013,83,198.8,26.6,1543.5
Region12,2013,February,1-Feb-2013,78,81.7,27.6,731.59
Region12,2013,March,1-Mar-2013,76,11.8,28.7,627.88
Region12,2013,April,1-Apr-2013,75,48,28.9,775.25
Region12,2013,May,1-May-2013,77,47.6,28.9,585.5
Region12,2013,June,1-Jun-2013,81,107.2,27.5,823
Region12,2013,July,1-Jul-2013,82,142.3,26.9,1859
Region12,2013,August,1-Aug-2013,83,107.6,26.5,1618.33
Region12,2013,September,1-Sep-2013,80,104.7,27.4,1565.33
Region12,2013,October,1-Oct-2013,84,133.5,27.1,1329.83
Region12,2013,November,1-Nov-2013,83,127.1,27,1007.17
Region12,2013,December,1-Dec-2013,82,67.3,27.5,532
Region12,2014,January,1-Jan-2014,84,256.8,26.5,1543.5
Region12,2014,February,1-Feb-2014,81,51.7,27.2,722.88
Region12,2014,March,1-Mar-2014,77,99.5,28.1,497
Region12,2014,April,1-Apr-2014,77,46.3,28.8,947
Region12,2014,May,1-May-2014,77,30.7,28.8,466
Region12,2014,June,1-Jun-2014,81,130.3,27.9,617
Region12,2014,July,1-Jul-2014,84,140.5,27.3,1260.25
Region12,2014,August,1-Aug-2014,82,62.8,27.4,1618.33
Region12,2014,September,1-Sep-2014,83,108.1,27.3,1565.33
Region12,2014,October,1-Oct-2014,79,53.6,28.1,1329.83
Region12,2014,November,1-Nov-2014,80,76.5,27.9,1007.17
Region12,2014,December,1-Dec-2014,78,45.6,28.1,921.86
Region12,2015,January,1-Jan-2015,77,67.3,27.7,1543.5
Region12,2015,February,1-Feb-2015,70,0.5,28.6,734.5
Region12,2015,March,1-Mar-2015,67,3.6,29.8,671.5
Region12,2015,April,1-Apr-2015,69,28.3,29.6,519
Region12,2015,May,1-May-2015,74,36.4,29.3,408
Region12,2015,June,1-Jun-2015,81,188.8,27.7,650
Region12,2015,July,1-Jul-2015,81,86.9,27.5,590
Region12,2015,August,1-Aug-2015,83,96.8,27.2,1427
Region12,2015,September,1-Sep-2015,82,52.1,27.5,1637
Region12,2015,October,1-Oct-2015,78,26.4,28.1,913.5
Region12,2015,November,1-Nov-2015,76,74.7,28.7,913.5
Region12,2015,December,1-Dec-2015,72,15.8,29.2,1074
Region12,2016,January,1-Jan-2016,69,14.4,29,1457
Region12,2016,February,1-Feb-2016,66,4.1,29.4,852
Region12,2016,March,1-Mar-2016,66,0.1,30.5,695
Region12,2016,April,1-Apr-2016,65,1,31.1,768
Region12,2016,May,1-May-2016,71,71.7,30.2,717
Region12,2016,June,1-Jun-2016,80,95.5,28.2,1514
Region12,2016,July,1-Jul-2016,75,85.2,28.5,3443
Region12,2016,August,1-Aug-2016,79,38.9,28,2485
Region12,2016,September,1-Sep-2016,80,78.1,27.9,2116
Region12,2016,October,1-Oct-2016,82,116.4,27.8,2133
Region12,2016,November,1-Nov-2016,80,128.5,27.9,1757
Region12,2016,December,1-Dec-2016,81,60.3,27.3,1287.57
Region12,2017,January,1-Jan-2017,79,117.6,26.89,1630
Region12,2017,February,1-Feb-2017,77,74.4,27.19,617
Region12,2017,March,1-Mar-2017,76.92,129.9,27.535,648
Region12,2017,April,1-Apr-2017,74,51.9,28.56,867
Region12,2017,May,1-May-2017,78,142.4,28.35,751
Region12,2017,June,1-Jun-2017,81,167.5,27.3,718
Region12,2017,July,1-Jul-2017,82,63.3,27.25,617
Region12,2017,August,1-Aug-2017,81,33.5,27.7,943
Region12,2017,September,1-Sep-2017,81,162.5,27.7,943
Region12,2017,October,1-Oct-2017,76,124.7,27.55,943
Region12,2017,November,1-Nov-2017,80,96.8,27.7,351
Region12,2017,December,1-Dec-2017,81,135.8,27.65,404
Region12,2018,January,1-Jan-2018,79,107.3,27.2,348
Region12,2018,February,1-Feb-2018,76,118.5,27.7,377
Region12,2018,March,1-Mar-2018,69,13.8,28.6,510
Region12,2018,April,1-Apr-2018,73,139.5,28.7,278
Region12,2018,May,1-May-2018,75,45.1,28.7,574
Region12,2018,June,1-Jun-2018,76,50,27.6,922
Region12,2018,July,1-Jul-2018,80,127.3,26.9,1289
Region12,2018,August,1-Aug-2018,77,46.6,27.2,1085
Region12,2018,September,1-Sep-2018,78,90.6,26.9,349.5
Region12,2018,October,1-Oct-2018,76,89.3,27.8,349.5
Region12,2018,November,1-Nov-2018,73,46,28.1,571
Region12,2018,December,1-Dec-2018,72,77.1,27.9,1485
